feedback_id,title,description,source_system,lifecycle_status,votes,comments_count,status,category,created_at,source_url,retrieved_at,slug,relevance_hint,keyword_hits
64b69f266195340d7c270f2c,TechDocs - Documentation as catalog entities,"Currently, you can ingest markdown documents into Port by creating markdown properties. Each document will be displayed in Port as a tab on the specific entity page.

We would like to add the ability to create a ""documentation tree"" for each entity, allowing you to create a full wiki inside your developer portal.

Similar to the singular markdown documents, the documents in the ""documentation tree"" will be searchable via the [global search](https://roadmap.getport.io/ideas/p/global-search).",Port portal,In progress,107,16,exploring,Entity Pages,2023-07-18T14:18:14.227Z,https://roadmap.port.io/ideas/p/techdocs-documentation-as-catalog-entities,2026-07-29T10:58:10.897282+00:00,techdocs-documentation-as-catalog-entities,False,0
64a512f97525ac09ce7a21c4,Categorizing Self Service actions,Allow categorizing self service actions for ease of finding appropriate actions for your needs.,Port portal,In progress,106,14,in progress,Workflows,2023-07-05T06:51:37.632Z,https://roadmap.port.io/ideas/p/categorizing-self-service-actions,2026-07-29T10:56:37.006829+00:00,categorizing-self-service-actions,True,3
689c4e5eda725fecc3d241bf,Multi-step workflows,"Chain multiple inputs, approvals, conditions, and actions via automatic triggers or self-service",Port portal,Planned,69,5,planned,Automations,2025-08-13T08:35:42.274Z,https://roadmap.port.io/ideas/p/multi-step-workflows,2026-07-29T10:57:26.399180+00:00,multi-step-workflows,True,8
66c458f7b657d8bbcce59e6f,SIEM Integration for Port's Audit log,"Some customers would like the option to automatically report Port's information to an external SIEM system for security concern. 

https://www.ibm.com/topics/siem#:~:text=Security%20information%20and%20event%20management,chance%20to%20disrupt%20business%20operations.

First and most important are the changes of Port's audit log",Port portal,Open,54,7,open,Audit log,2024-08-20T08:51:03.545Z,https://roadmap.port.io/ideas/p/siem-integration-for-ports-audit-log,2026-07-29T11:01:41.045703+00:00,siem-integration-for-ports-audit-log,True,1
64d09ad21cf6f309b9affae5,Ability to retry the action from the run page,"In some cases an operation failed and a retry will solve it.

Adding a retry action for a run can be nice addition :)",Port portal,Completed,47,6,complete,Self-service actions,2023-08-07T07:18:42.165Z,https://roadmap.port.io/ideas/p/ability-to-retry-the-action-from-the-run-page,2026-07-29T11:20:22.313608+00:00,ability-to-retry-the-action-from-the-run-page,True,2
689370a809cde968bdd30c8a,"Audit log filter beyond the last 1,000 records","Right now, the audit log only shows the latest 1000 records, and filtering applies only within those 1000. We’re planning to add an API route so that when a user filters, the frontend will send the filter to the backend, which will search across the entire audit log - not just the last 1000 entries.

The result will still show up to 1000 entries, but filtered from the full log. So for example, if a user filters by “fails,” they’ll get the latest 1000 fails overall, rather than fails just within the latest 1000 records.",Port portal,In progress,46,5,in progress,Audit log,2025-08-06T15:11:36.269Z,https://roadmap.port.io/ideas/p/audit-log-filter-beyond-the-last-1-000-records,2026-07-29T10:56:32.035403+00:00,audit-log-filter-beyond-the-last-1-000-records,True,1
64acb1620a49ed5883454283,Multi-select delete,Having to delete more than 10 entries on a page is TEDIOUS.  I would love to multi-select and delete an entire group or groups at once or at least all of the resources on the page at once.,Port portal,Open,45,1,open,Catalog Tables,2023-07-11T01:33:22.829Z,https://roadmap.port.io/ideas/p/multi-select-delete,2026-07-29T11:20:52.522981+00:00,multi-select-delete,False,0
69c0e8a9943dfd034f363563,Improved customizations of user inputs validations,"Port self-service actions already support a rich set of input controls: required fields, type enforcement, regex patterns, and JQ-powered dynamic forms. We want to take that further by letting portal builders define validation rules that run directly in the form, before execution.

This means conditional logic like ""replica count must be at least 3 when deploying to production"", cross-field rules like email confirmation, and meaningful error messages that actually tell users what to fix. All without touching backend scripts or waiting for a failed action run.",Port portal,In progress,44,3,in progress,Self-service actions,2026-03-23T07:15:53.227Z,https://roadmap.port.io/ideas/p/improved-customizations-of-user-inputs-validations,2026-07-29T10:57:14.087998+00:00,improved-customizations-of-user-inputs-validations,True,11
657042ba954a046b2cfa8ab1,Microsoft teams notification,"Currently, the message sender only supports slack.

Some organizations use Microsoft teams, which means they cannot create notifications for their teams.",Port portal,Open,44,3,open,Automations,2023-12-06T09:45:30.718Z,https://roadmap.port.io/ideas/p/microsoft-teams-notification,2026-07-29T10:59:36.910875+00:00,microsoft-teams-notification,True,0
65809c20bdd786e7c10ce20e,Steps in Port Self-Service Action Form,"As a developer using Port's self-service action form,

I want the ability to collapse the form into distinct sections such as network configuration, security configuration, and IAM role,

So that I can more easily navigate and digest the information, focusing on specific areas as needed based on my answers.",Port portal,Completed,44,5,complete,Self-service actions,2023-12-18T19:23:12.361Z,https://roadmap.port.io/ideas/p/steps-in-port-self-service-action-form,2026-07-29T11:13:41.440338+00:00,steps-in-port-self-service-action-form,True,4
66c2e3fc26a6ce7012e28f00,Improved UI for managing dynamic permissions,"Managing dynamic permissions requires specific skills and is more challenging to debug and verify.

To assist, we want to provide an improved UI that will allow us to test the result and verify users defined the permissions as expected.",Port portal,Completed,41,9,complete,RBAC & Ownership,2024-08-19T06:19:40.172Z,https://roadmap.port.io/ideas/p/improved-ui-for-managing-dynamic-permissions,2026-07-29T11:18:50.868263+00:00,improved-ui-for-managing-dynamic-permissions,True,2
660e76e9c5ad749ac2a191e0,Discussions & Comments on entities,"Ask questions, discuss, and make decisions within context. 

Allow developers to discuss and comment on different entities directly in Port.",Port portal,In progress,38,6,exploring,Entity Pages,2024-04-04T09:46:17.016Z,https://roadmap.port.io/ideas/p/discussions-comments-on-entities,2026-07-29T10:56:51.984433+00:00,discussions-comments-on-entities,False,0
67fd6ef65f0ba2fc072cab94,More RBAC for admin permissions,"I would like more control over what permissions admins can have within the IDP.

For example, some admins can only edit automations, and webhooks, some admins can only edit the data model, or no admins can generate a new org token.

This enables following of least privilege principle.

The ""superadmin"" role could do anything.

Usecase: Our team is building a pipeline to version control data model changes as JSON, it would be nice if no one can update the data model through UI in our production environment anymore and they can only do it through the pipeline.",Port portal,In progress,37,4,exploring,RBAC & Ownership,2025-04-14T20:24:22.087Z,https://roadmap.port.io/ideas/p/more-rbac-for-admin-permissions,2026-07-29T10:57:23.884160+00:00,more-rbac-for-admin-permissions,True,4
65cb2a1d8c99793a14bf35b8,Specific Resync,Add option to specifically resync a predefined list of resources & do a scheduled resync only for a selected list of resources,Port portal,Planned,36,6,planned,Data sources,2024-02-13T08:36:45.077Z,https://roadmap.port.io/ideas/p/specific-resync,2026-07-29T10:57:43.615825+00:00,specific-resync,False,0
6548e76c830f6a63732c6653,Dropdown input based on API,"Currently, there is no way to offer input selection based on API.

Implementing this could allow forms for specific services based on their API responses.

For example, create a dropdown selection of Github organizations based on an API call.",Port portal,Open,36,5,open,Self-service actions,2023-11-06T13:17:32.089Z,https://roadmap.port.io/ideas/p/dropdown-input-based-on-api,2026-07-29T10:58:23.668477+00:00,dropdown-input-based-on-api,True,2
66c4a511a4e3557f499955b6,JQ in Scorecard rules,Currently scorecard rules are defined by conditions that use the search/query system but these can get complicated for complex rules. It would be very useful if you could directly use JQ in these conditions.,Port portal,Open,36,2,open,Scorecards,2024-08-20T14:15:45.746Z,https://roadmap.port.io/ideas/p/jq-in-scorecard-rules,2026-07-29T11:16:33.025928+00:00,jq-in-scorecard-rules,False,1
6678106680bb69546498d518,Mirror properties from the other direction of relation,"Add the ability to mirror a property from a related blueprint even, regardless of the direction of the relation.",Port portal,In progress,34,5,exploring,Data model,2024-06-23T12:09:10.498Z,https://roadmap.port.io/ideas/p/mirror-properties-from-the-other-direction-of-relation,2026-07-29T10:57:21.457880+00:00,mirror-properties-from-the-other-direction-of-relation,False,0
6708e7846dbf44702a18b7d2,Pause/cancel/resume data source sync,"We need the ability to pause and resume data source syncs. While we understand that rate limits determine the sync frequency, having the option to pause and resume would give us control over the order in which data sources sync. This capability is essential as we gradually roll out Port to different teams, ensuring their service data is accurately captured and reviewed before proceeding to the next team.",Port portal,In progress,31,6,exploring,Data sources,2024-10-11T08:53:24.759Z,https://roadmap.port.io/ideas/p/pause-cancel-resume-data-source-sync,2026-07-29T10:57:28.846433+00:00,pause-cancel-resume-data-source-sync,False,0
66b884521be290a30c801053,Self-Service Action Approval Notifications,There is no option to automatically notify users when their requested actions have been approved. This feature request proposes adding an option that will send an email and/or Slack message to users once their self-service actions have been approved.,Port portal,Open,29,1,open,Self-service actions,2024-08-11T09:28:50.889Z,https://roadmap.port.io/ideas/p/self-service-action-approval-notifications,2026-07-29T10:58:26.102446+00:00,self-service-action-approval-notifications,True,4
66b1434bd12b821c86cbc7fc,Better Error Messages for Denied Dynamic Permissions,"When a self service action is unable to be executed due to the dynamic permissions not allowing the execution, the error message logged provides no context about what specific part of the dynamic permission caused the action to be denied.

This makes troubleshooting and building permissions incredibly difficult as you have no idea what part of the permissions policy/condition caused the error.

The error message should explain what aspect of the policy's query/condition caused the rejection of the execution.",Port portal,Open,29,7,open,RBAC & Ownership,2024-08-05T21:25:31.839Z,https://roadmap.port.io/ideas/p/better-error-messages-for-denied-dynamic-permissions,2026-07-29T11:00:19.028120+00:00,better-error-messages-for-denied-dynamic-permissions,True,5
68c27182f9c430044f39113f,Support hiding/displaying self-service actions using dynamic permissions,"Currently, using the [dynamic permissions](https://docs.port.io/actions-and-automations/create-self-service-experiences/set-self-service-actions-rbac/dynamic-permissions) feature, self-service actions will still appear in the UI. In case the user is not permitted, the run will be rejected only after sending the self-service action form. 

As part of this item, we would like to support hiding/displaying self-service actions using the dynamic permissions policies.",Port portal,In progress,28,3,in progress,Self-service actions,2025-09-11T06:51:46.185Z,https://roadmap.port.io/ideas/p/support-hiding-displaying-self-service-actions-using-dynamic-permissions,2026-07-29T10:58:00.858100+00:00,support-hiding-displaying-self-service-actions-using-dynamic-permissions,True,8
68ba82aac2bfaeb146b7e506,"Support for entities create, update, and delete dynamic permission policies","As described [here](https://docs.port.io/build-your-software-catalog/set-catalog-rbac/), the ""policy"" key for entity permissions is currently supported for the ""read"" permission type. As part of this item, we would like to add support for create, update, and delete operations as well.",Port portal,In progress,26,5,in progress,RBAC & Ownership,2025-09-05T06:26:50.322Z,https://roadmap.port.io/ideas/p/support-for-entities-create-update-and-delete-dynamic-permission-policies,2026-07-29T10:57:58.343643+00:00,support-for-entities-create-update-and-delete-dynamic-permission-policies,True,3
6481fa485cf5a50d549eaa3c,Self-service actions - controlling the payload,"Use JQ to manipulate the payload before sending it to the relevant workflow (Webhook, Kafka, GitHub Workflow, and any other invocation method)",Port portal,Completed,26,5,complete,Self-service actions,2023-06-08T15:56:56.711Z,https://roadmap.port.io/ideas/p/self-service-actions-controlling-the-payload,2026-07-29T11:18:23.827889+00:00,self-service-actions-controlling-the-payload,True,7
6481f8653a354e3a958a0c03,Automation,"Currently, Port can trigger workflows when a change is made in the software catalog, for example, trigger a webhook. This is done with the [changelog listener](https://docs.getport.io/create-self-service-experiences/setup-backend/webhook/examples/changelog-listener). The main problem with the changelog listener is that only one trigger per blueprint can be defined, and each trigger is executed for any change in the catalog, without the ability to define rules for a specific trigger.

With the ""Automations"" feature, we plan to improve the changelog listener with the following capabilities:

1. The ability to create rules that need to pass in order to trigger automation.

2. Create multiple automations on a specific blueprint

3. Adding many more invocation types when triggering automation, such as executing a Port action, executing a CICD pipeline, and updating entities in the catalog

This will enable scenarios such as:

1. Sending a Slack message when the ""Production readiness"" scorecards changed from ""Gold"" to ""Silver""

2. Scaling a Cluster according to changes in the CPU usage

3. Updating the ""state"" property of a service from ""Healthy"" to ""Unhealthy"" when a related incident opened in PagerDuty

Of course, these are just examples. The power of this capability is that each organization will be able to create automations based on their developer portal data and needs.",Port portal,Completed,26,2,complete,Automations,2023-06-08T15:48:53.643Z,https://roadmap.port.io/ideas/p/automation,2026-07-29T11:20:59.875387+00:00,automation,True,8
66bdb75e9101ab1dd7336f90,Support multiple event triggers in Automations,"Currently, it's only possible to configure an automation to be triggered on one specific event. For example, when an entity is created or when it gets updated.

As developers, building workflow automations, we would like the ability to configure a single automation to be triggered on multiple entity events, allowing us to manage fewer automation resources and avoid  code repetition.",Port portal,In progress,24,2,in progress,Automations,2024-08-15T08:07:58.515Z,https://roadmap.port.io/ideas/p/support-multiple-event-triggers-in-automations,2026-07-29T10:58:06.002053+00:00,support-multiple-event-triggers-in-automations,True,3
673de7fdb92a3254de6a3aea,Improve pages API routes,"As for now the API route for pages and Sidebars are very complex (and it's still in beta), we need to have a better implementation for it",Port portal,Planned,23,4,planned,Dashboards & widgets,2024-11-20T13:45:33.218Z,https://roadmap.port.io/ideas/p/improve-pages-api-routes,2026-07-29T10:57:11.649807+00:00,improve-pages-api-routes,False,0
67fe69fc077f02acb331e710,Associate action with multiple blueprints,"Currently as it stands, an action can only be associated with one blueprint. It would be great to have an action be associated with multiple blueprints, for example if we want to restart a service, all catalogs will have service overview and likely this action will be associated with service overview entity. In all scenarios there will also be services from respective container orchestration (ECS/EKS) - right now as it stands an action if associated with service overview entity cant be associated with the service blueprint entity - which means a new actions should be created which can be associated with the service (orchestration layer service). 

The goal here is to be able to use the lightning button and trigger actions instead of going to the action section and triggering it.",Port portal,In progress,22,1,in progress,Self-service actions,2025-04-15T14:15:24.787Z,https://roadmap.port.io/ideas/p/associate-action-with-multiple-blueprints,2026-07-29T10:56:29.484011+00:00,associate-action-with-multiple-blueprints,True,4
66c8d155bc622140de9a1e79,Support Input Secrets with Approvals in Self Service Actions,"Currently defining an input as a secret does not work in cases where there is an approver on the action. 

https://docs.getport.io/actions-and-automations/create-self-service-experiences/setup-ui-for-action/user-inputs/secret

Port should support using input secrets and approvers in the same action.",Port portal,Open,22,0,open,Self-service actions,2024-08-23T18:13:41.903Z,https://roadmap.port.io/ideas/p/support-input-secrets-with-approvals-in-self-service-actions,2026-07-29T10:58:28.780488+00:00,support-input-secrets-with-approvals-in-self-service-actions,True,7
661812f8f2d3cbf4dabfe941,Self Service Action Workflow,"Add support for invoking multiple triggers in an action while allowing for an Approval to be added between triggers. 

For example:

Have an action triggering a webhook, github, gitlab action. Based on that first trigger result, prompt an approval request and based on the approval, invoke another trigger.",Port portal,Completed,22,3,complete,Self-service actions,2024-04-11T16:42:32.917Z,https://roadmap.port.io/ideas/p/self-service-action-workflow,2026-07-29T11:13:38.649744+00:00,self-service-action-workflow,True,6
66ed917798991dce147b5cff,Send Email to Approvers when Dynamic Permissions are Used,"Currently in self service actions, emails are not sent to the array of approvers which is generated via dynamic permissions. The behavior for dynamic permission's approvers needs to match that of static permission's approvers where emails are sent.",Port portal,In progress,21,1,in progress,Workflows,2024-09-20T15:15:03.584Z,https://roadmap.port.io/ideas/p/send-email-to-approvers-when-dynamic-permissions-are-used,2026-07-29T10:57:38.765227+00:00,send-email-to-approvers-when-dynamic-permissions-are-used,True,6
64f4abe4fd7c2d092c0ce671,Action runs as blueprint,"The ability to have the blueprint capabilities on the audit log of action runs.

Currently, Port administrators must view the status of action runs (failure, success, awaiting approval, or in-progress) in the action runs audit log. Additionally, visualizations (pie chart and line chart) are limited to blueprints, and do not apply to action runs.

As an administrator, I would like to view the success rate of my action runs over time or in a pie chart.",Port portal,Open,21,0,open,Self-service actions,2023-09-03T15:53:08.074Z,https://roadmap.port.io/ideas/p/action-runs-as-blueprint,2026-07-29T10:58:18.533687+00:00,action-runs-as-blueprint,True,3
6671999837fce115c9971b8d,Use current user's session to interact with internal systems,"We'd like to enable identity or user session propagation capabilities, allowing Self-Service Actions (SSAs) triggered within Port to be executed using the context and permissions of the currently logged-in user. When an authenticated user initiates an SSA that interacts with external systems or resources, the action should be performed on behalf of that user, inheriting their identity, role-based access controls (RBAC), and authorized privileges from the same Identity and Access Management (IAM) provider used by Port, which is Okta.

For example, if an employee triggers an SSA to update a ticket in a service management system like Jira, the update should be carried out using that employee's credentials and permissions within Jira, which are derived from the same Okta IAM provider that Port uses for authentication and authorization. Similarly, if an SSA involves provisioning resources in a cloud platform, it should leverage the logged-in user's identity and access rights from Okta to ensure the provisioning adheres to their authorized roles and scopes defined within the shared IAM provider.

By propagating the user's identity and session context from the common Okta IAM provider, we can maintain a consistent access control model across Port and integrated systems, ensuring that actions are performed with the appropriate level of authorization and adhering to the organization's security policies and governance rules defined within the centralized Okta IAM solution.",Port portal,Open,21,4,open,Self-service actions,2024-06-18T14:28:40.095Z,https://roadmap.port.io/ideas/p/use-current-users-session-to-interact-with-internal-systems,2026-07-29T10:58:32.912575+00:00,use-current-users-session-to-interact-with-internal-systems,True,7
65797cbdedc7e06daa98a9c7,ScoreCard rule toggle button for catalog display,"There are cases where the scorecard is governed by same property and different rule condition, this appears to be cluttered on the UI, requesting a toggle button or the feature in json for scorecard to enable/disable of having rule displayed on the catalog page for that particular entity.",Port portal,Open,21,0,open,Scorecards,2023-12-13T09:43:25.311Z,https://roadmap.port.io/ideas/p/scorecard-rule-toggle-button-for-catalog-display,2026-07-29T11:14:01.741049+00:00,scorecard-rule-toggle-button-for-catalog-display,False,0
672b5615349fd99b0f353e36,Confirmation Window for Unsaved Changes in Self-service actions GUI Mode,"Add a confirmation window in the GUI mode in Self-service action window to prompt users when they attempt to navigate away from the page without saving their changes. Currently, this confirmation prompt exists in JSON mode in Self-service action window, but it is missing in GUI mode, which can lead to accidental data loss.

Rationale:

In the GUI mode, users may accidentally navigate away without saving their changes. A confirmation prompt will help prevent this, ensuring users have the chance to save their work before leaving the page. This feature is especially helpful for complex edits where re-entering data can be time-consuming.

Expected Behavior:

	•	Trigger: When a user tries to navigate away from the page while unsaved changes are present in GUI mode.

	•	Confirmation Prompt: The prompt should ask the user, “Are you sure you want to leave this page without saving changes?” with options to “Stay on Page” or “Leave without Saving.”

	•	Consistency: This behavior should be consistent with the existing confirmation prompt in JSON mode to ensure a seamless user experience across modes.",Port portal,In progress,20,1,in progress,Workflows,2024-11-06T11:42:13.306Z,https://roadmap.port.io/ideas/p/confirmation-window-for-unsaved-changes-in-self-service-actions-gui-mode,2026-07-29T10:56:41.942823+00:00,confirmation-window-for-unsaved-changes-in-self-service-actions-gui-mode,True,4
6853d436533319bfbf13d0ae,Enable dynamic user properties for actions conditions,"Today using dynamic properties (getUserEmail, getUserTeams) is not available in day-2 action conditions, so that we will be able to have advanced filtering based on user relations",Port portal,In progress,20,1,in progress,Self-service actions,2025-06-19T09:11:18.210Z,https://roadmap.port.io/ideas/p/enable-dynamic-user-properties-for-actions-conditions,2026-07-29T10:56:59.312893+00:00,enable-dynamic-user-properties-for-actions-conditions,True,2
679265f3a7c7da4003832a79,Support Calculated Properties in Self-Service Dataset Conditions,"Currently, search conditions cannot be applied to calculated properties in self-service actions. Adding support for this is required",Port portal,In progress,20,1,in progress,Workflows,2025-01-23T15:53:23.825Z,https://roadmap.port.io/ideas/p/support-calculated-properties-in-self-service-dataset-conditions,2026-07-29T10:57:50.934216+00:00,support-calculated-properties-in-self-service-dataset-conditions,True,3
666ec4697bfd74c4333701ac,Allow form field default values to have complex patterns based on user selection,"In some cases, we may want to create a certain default value for a field based on previous selection made by the user. This can include literals and even multiple fields references.

The default value should be adjusted automatically until the field becomes visible.",Port portal,Open,20,2,open,Self-service actions,2024-06-16T10:54:33.714Z,https://roadmap.port.io/ideas/p/allow-form-field-default-values-to-have-complex-patterns-based-on-user-selection,2026-07-29T10:58:20.978480+00:00,allow-form-field-default-values-to-have-complex-patterns-based-on-user-selection,True,1
676a8b4759632bda4876a0dc,RBAC for Folders,"We use folders to organize the catalog, and we have a dedicated folders for work-in-progress.

Today it is possible to configure permissions only at page level. We would like to be able to control permissions for entire folders as well so that e.g. any page added to the WIP folder will be visible only to Admins",Port portal,Open,20,1,open,RBAC & Ownership,2024-12-24T10:21:59.747Z,https://roadmap.port.io/ideas/p/rbac-for-folders-1,2026-07-29T11:00:26.907240+00:00,rbac-for-folders-1,True,2
65bb5ba2299d1b93acc3052d,Conditional Manual approval based on specific input,"This FR is related to the ability to decide if a certain input in the action form is a certain value, enforce manual approval",Port portal,Open,19,4,open,Self-service actions,2024-02-01T08:51:46.597Z,https://roadmap.port.io/ideas/p/conditional-manual-approval-based-on-specific-input,2026-07-29T11:16:11.123536+00:00,conditional-manual-approval-based-on-specific-input,True,4
675b0c008682d4e202eeeb9a,Conditional step in Self-service form,"For some actions, I would like to be able to display or not some steps. For example, I would like a step for selecting an entity if it exist, or display a step to create it if it is not exists already.",Port portal,Completed,19,4,complete,Self-service actions,2024-12-12T16:14:56.572Z,https://roadmap.port.io/ideas/p/conditional-step-in-self-service-form,2026-07-29T11:16:15.994586+00:00,conditional-step-in-self-service-form,True,5
65b62b199794d2cfb2ae1c65,Support code or file upload in self-service action form,"Allow developers to upload or insert various configuration file types (e.g., .py, .conf, .txt) directly into the self service action form for ""creating a microservice"", for example. This feature should support a range of file formats beyond the current YAML, JSON, and Protobuf, and offer the option of markdown/free text input for added flexibility.

Here is an example of a microservice file structure:

Microservice/

│

│── MS-code/

│── values-files/

│   │   ├── production.yaml

|   |   ├── staging.yaml     

│   │   └── testing.yaml    

│   │

│   └── configmaps/           

│       ├── prod

|       |  ├── settings.yaml

|.      |  ├── gunicorn.py

|.      |  └── nginx.conf

|       ├── stage

|       |  ├── settings.yaml

|.      |  ├── gunicorn.py

|.      |  └── nginx.conf

│       └── test

|         ├── settings.yaml

|.        ├── gunicorn.py

|.        └── nginx.conf        

│   

│

└── README.md",Port portal,Open,18,1,open,Self-service actions,2024-01-28T10:23:21.514Z,https://roadmap.port.io/ideas/p/support-code-or-file-upload-in-self-service-action-form,2026-07-29T11:15:05.314476+00:00,support-code-or-file-upload-in-self-service-action-form,True,4
6583401b32150dedcd8f0e46,Configure timeout value for actions,"Ability to configure timeout values for actions within Port so that certain operations, like deploying a service, do not exceed a certain duration.",Port portal,Open,18,0,open,Self-service actions,2023-12-20T19:27:23.324Z,https://roadmap.port.io/ideas/p/configure-timeout-value-for-actions,2026-07-29T11:15:30.398684+00:00,configure-timeout-value-for-actions,True,2
673df29d75cc3fb760207945,AWS Cost Explorer API,"Can Port support ingesting AWS costs from the Cost explorer API?

https://docs.aws.amazon.com/aws-cost-management/latest/APIReference/Welcome.html

There is an official aws plugin for backstage that does this

https://github.com/awslabs/backstage-plugins-for-aws/tree/main/plugins/cost-insights

The link provided here is no longer valid. 

https://roadmap.getport.io/ideas/p/aws-exporter-support-cloud-resources-costs",Port portal,Planned,17,1,planned,Integrations,2024-11-20T14:30:53.878Z,https://roadmap.port.io/ideas/p/aws-cost-explorer-api,2026-07-29T10:56:34.471453+00:00,aws-cost-explorer-api,False,0
69f8eba0b353740a01c46f5e,MCP Connector Tool Support in AI Agent Workflows,"Enable AI agents to use tools from MCP connectors in automated workflows. A current workaround is to import data into the Port catalog, but this removes real-time access. Adding MCP connector support to agent workflows, with the same RBAC and audit controls, would allow more useful and flexible use cases.",Port portal,In progress,17,1,exploring,AI agents,2026-05-04T18:55:28.151Z,https://roadmap.port.io/ideas/p/mcp-connector-tool-support-in-ai-agent-workflows,2026-07-29T10:57:18.950617+00:00,mcp-connector-tool-support-in-ai-agent-workflows,True,2
67ed10975a2279b95e58e906,Test connection when installing a new data source,"Enable users to validate integration setup before full installation by testing connectivity, access, and basic permissions. Reduce setup errors and improve user confidence in integration correctness during onboarding.",Port portal,In progress,17,3,exploring,Integrations,2025-04-02T10:25:27.256Z,https://roadmap.port.io/ideas/p/test-connection-when-installing-a-new-data-source,2026-07-29T10:58:15.825192+00:00,test-connection-when-installing-a-new-data-source,False,1
6734db6c0c9bb03c11a23807,"Default on Form Load, Should be able to Clear when needed","Currently default is being recalculated, whenever we clear it out.

The requirement is to have the default value populate only when the form is first loaded, rather than re-calculating it whenever it is removed.",Port portal,Open,17,2,open,Self-service actions,2024-11-13T17:01:32.911Z,https://roadmap.port.io/ideas/p/default-on-form-load-should-be-able-to-clear-when-needed,2026-07-29T10:58:40.483619+00:00,default-on-form-load-should-be-able-to-clear-when-needed,True,1
67002abcd4bbc2b93566d305,Cancellation Logic For Self Service Actions,Add a cancel button to self service actions and allow configuration for the cancel button to invoke external communication.,Port portal,Open,17,1,open,Automations,2024-10-04T17:49:48.806Z,https://roadmap.port.io/ideas/p/cancellation-logic-for-self-service-actions,2026-07-29T10:59:29.636490+00:00,cancellation-logic-for-self-service-actions,True,3
6a5f5f078c21fd6aad770522,Trigger worfklows upon related entity deletion and mirror property updates,,Port portal,Open,17,1,open,Automations,2026-07-21T11:59:03.533Z,https://roadmap.port.io/ideas/p/trigger-worfklows-upon-related-entity-deletion-and-mirror-property-updates,2026-07-29T10:59:39.347893+00:00,trigger-worfklows-upon-related-entity-deletion-and-mirror-property-updates,True,1
6925812013fb0ed2240adb99,Request to Increase Dynamic Approval Policy Query Threshold,"Currently, the dynamic approval policy returns a maximum of 1,000 entities per query. This creates a limitation for organizations with more than 1,000 users. In such cases, the policy cannot return the full set of eligible approvers, as some users fall beyond the 1,000-entity threshold and are therefore excluded from the results.

This request is to increase that threshold.",Port portal,Open,17,0,open,RBAC & Ownership,2025-11-25T10:12:48.641Z,https://roadmap.port.io/ideas/p/request-to-increase-dynamic-approval-policy-query-threshold,2026-07-29T11:00:29.347264+00:00,request-to-increase-dynamic-approval-policy-query-threshold,True,2
65a6324c5bd75e78b7682e60,Manual Approvals | Show approvers,"When creating an action with approval you can't see who is the action approvers in the run page.

That can be helpful to know who can I reach to ask them to approve my run.",Port portal,Completed,17,1,complete,Self-service actions,2024-01-16T07:37:48.195Z,https://roadmap.port.io/ideas/p/manual-approvals-show-approvers,2026-07-29T11:19:03.454700+00:00,manual-approvals-show-approvers,True,3
66c44eb2cd45c987968ca491,RBAC on Data sources,"Today you can manage permissions on a Page, Self service, and blueprint level. Since some IDPs can have multiple ""Builder"" teams in different business domains, it would be ideal to have the option to define for each data source who has permissions to view the mapping, and modify it.",Port portal,In progress,16,2,exploring,Data sources,2024-08-20T08:07:14.609Z,https://roadmap.port.io/ideas/p/rbac-on-data-sources,2026-07-29T10:57:33.884613+00:00,rbac-on-data-sources,True,3
659fb8621779012e85e49c57,Actions Run widget | Ability to see all actions runs,"Today you have to choose one action when creating the action runs widget.

It can be powerful to create a table that shows the action runs of all actions (like in the global audit log)",Port portal,Open,16,1,open,Self-service actions,2024-01-11T09:44:02.705Z,https://roadmap.port.io/ideas/p/actions-run-widget-ability-to-see-all-actions-runs,2026-07-29T11:14:13.865624+00:00,actions-run-widget-ability-to-see-all-actions-runs,True,3
67dbf184d3db9fe5bd6f51f5,Bulk self-service actions on entities,It would be great to have an option to do bulk actions(day2 and DELETE) on entities,Port portal,Open,16,0,open,Self-service actions,2025-03-20T10:44:20.329Z,https://roadmap.port.io/ideas/p/bulk-self-service-actions-on-entities,2026-07-29T11:14:16.330950+00:00,bulk-self-service-actions-on-entities,True,3
658c538a96cacd7703dce9d5,File ingestion - JQ manipulation,"Currently, you can ingest files using the format

file_property: file://composer.lock

Being able to apply JQ at the file ingestion stage, will allow you to ingest less data to Port for a cleaner and faster portal, for example:

file_property: file://composer.lock | .myProperty",Port portal,Completed,16,5,complete,,2023-12-27T16:40:42.328Z,https://roadmap.port.io/ideas/p/file-ingestion-jq-manipulation,2026-07-29T11:16:28.173114+00:00,file-ingestion-jq-manipulation,True,2
6798fe909c392c244699944d,Show action permission changes in audit log,"Currently the audit log only shows when an action's permissions were updated, but it doesn't show what the actual permission changes are.

This is crucial for debugging permission issues and tracking changes.",Port portal,Completed,16,5,complete,Audit log,2025-01-28T15:58:08.391Z,https://roadmap.port.io/ideas/p/show-action-permission-changes-in-audit-log,2026-07-29T11:18:43.453284+00:00,show-action-permission-changes-in-audit-log,True,2
64e494a2a6c07309e3af5db7,Logs stream formatting,"It's nice to have some log stream formatting options. I like the approach Azure Devops uses.

Could you implement something like this:  

https://learn.microsoft.com/en-us/azure/devops/pipelines/scripts/logging-commands?view=azure-devops&tabs=bash

Not sure if GitHub actions or Jenkins have something similar, to cover several CI/CD systems in a one shot, and highlight log lines automatically.

Additionally, to this, it's nice to have some console auto colouring support, like on the TF plan screenshot:",Port portal,Open,16,3,open,Self-service actions,2023-08-22T10:57:38.450Z,https://roadmap.port.io/ideas/p/logs-stream-formatting,2026-07-29T11:20:12.032518+00:00,logs-stream-formatting,True,4
652552a8916365c76f187d12,Dynamic user input validation,"Allow sending a validation requests with user inputs to the backend prior submitting the form.

For example, validate the user input for corectness against custom business logic, and display an error returned from the backend under the text field, without actually submitting the form. This way, the user has a chance to adjust the input, without having to re-submit the entire form with all the values again",Port portal,Open,15,0,open,Self-service actions,2023-10-10T13:33:28.701Z,https://roadmap.port.io/ideas/p/dynamic-user-input-validation,2026-07-29T11:15:15.841732+00:00,dynamic-user-input-validation,True,4
669fced47627f58ee55d66ec,OAuth2 / JWT backend for Self-service Actions,"As an admin, I would like to be able to setup a Self-Service Action which will call a REST API endpoint with the user token required by the API for authentication and authorization purpose (contrary to machine-to-machine token that can be implemented now).

For me as admin, I can set up the backend simply based on a few inputs: I tell to Port that i will call an OAuth2 endpoint, so I need to tell which authentication service I need to use. For that, previously, I set up the service in the admin (with credentials like the client_id, client_secret, ...).

On the user part, using this action will request an authentication workflow for the user to login to the targeted service (here github for the example) then Port will use the user token to call the Rest API endpoint.

The response (error or success) of the API can be logged in the Self Service Action report.",Port portal,Open,15,1,open,Self-service actions,2024-07-23T15:40:04.198Z,https://roadmap.port.io/ideas/p/oauth2-jwt-backend-for-self-service-actions,2026-07-29T11:17:20.126879+00:00,oauth2-jwt-backend-for-self-service-actions,True,6
6728c6a7e9894c1a059aa821,Port Teams Bot Backend,"We'd like to be able to Install a Port Teams Bot to our Microsoft 365 environment such that the bot can be authorised to communicate with members and channels in selected Teams Teams.

This could then be used as the backend in Self Service Actions to deliver messages to Teams or Users.

For example the recent Announcement feature could be connected to this proposed bot meaning the setup time to use that feature would be measured in minutes. Currently we've got to consider building our own backend service to handle the event from Port and figure out how to deliver into Teams. NOTE: Microsoft are end of life'ing the simpler WebHook method of posting to channels and pushing people towards building Bots and PowerActions... Not an ideal approach from a starting from zero context.

The vendor DX has produced their own Teams Bot to facilitate messaging users in Teams. As the customer configuring that capability it was very simple and straight forward. I think Port could build a bridge here too!",Port portal,Open,15,0,open,Integrations,2024-11-04T13:05:43.199Z,https://roadmap.port.io/ideas/p/port-teams-bot-backend,2026-07-29T11:17:22.712453+00:00,port-teams-bot-backend,True,5
6813989004de8f03ddb52f90,Multi line field,"Could you please amend the UI to include a pop-up dialog box that displays the entire string passed to the entity property on the catalog overview page?

The team is concerned about not being able to see the complete statement without copying and pasting it elsewhere to understand the full string.

Here's an example snippet where the issue occurs (highlighted: Justification): ""This will allow us to access the VM from local desktop and VDI, Citrix etc for...""

Or make fields like description support longer strings.",Port portal,Open,15,2,open,Entity Pages,2025-05-01T15:51:44.872Z,https://roadmap.port.io/ideas/p/multi-line-field,2026-07-29T11:20:50.074398+00:00,multi-line-field,False,0
66dff752ac492741f6508287,Improve automation interface,"We will improve our interface for Automation (to match with one of Actions) to simplify the creation of new automation.

Some early preview screenshots are attached!",Port portal,Completed,15,4,complete,Automations,2024-09-10T07:37:54.028Z,https://roadmap.port.io/ideas/p/improve-automation-interface,2026-07-29T11:21:07.273614+00:00,improve-automation-interface,True,3
69f2529d03b1298401635428,"Configurable Minimum Approval Threshold for Manual Approvals (e.g., “2 out of N”)","Support configuring a minimum number of required approvers for actions that require manual approval (e.g., “at least 2 approvers” or “2 out of N”), as the current options only allow either a single approver (“Any”) or requiring all approvers (“All”). While dynamic permissions can define who is eligible to approve, they do not control how many approvals are required. Introducing a configurable approval threshold (such as a fixed number or majority) would provide greater flexibility and eliminate the need for workarounds.",Port portal,Planned,14,1,planned,Self-service actions,2026-04-29T18:49:01.922Z,https://roadmap.port.io/ideas/p/configurable-minimum-approval-threshold-for-manual-approvals-eg-2-out-of-n,2026-07-29T10:56:39.454073+00:00,configurable-minimum-approval-threshold-for-manual-approvals-eg-2-out-of-n,True,6
693ffb35b3b50ecbaba2d6d4,Support live events in AWS V3,,Port portal,Planned,14,1,planned,Integrations,2025-12-15T12:12:37.236Z,https://roadmap.port.io/ideas/p/support-live-events-in-aws-v3,2026-07-29T10:58:03.340895+00:00,support-live-events-in-aws-v3,False,0
68b85be373db9e11feb13bd1,Support additional granular role permissions,Add support for creating and managing additional roles to improve flexibility in permissions.,Port portal,Open,14,1,open,RBAC & Ownership,2025-09-03T15:16:51.727Z,https://roadmap.port.io/ideas/p/support-additional-granular-role-permissions,2026-07-29T11:00:31.802951+00:00,support-additional-granular-role-permissions,True,1
65755f639cb7be20f870e3ce,Dynamically set the self-service action approval step,"Add the ability to dynamically decide whether the self-service action will have an approval step or not.

How it will work - upon the action execution, a webhook can be sent to the customer's backend in order to run a logic that will decide if this specific action run needs to be approved by someone before executed",Port portal,Open,14,3,open,Self-service actions,2023-12-10T06:49:07.300Z,https://roadmap.port.io/ideas/p/dynamically-set-the-self-service-action-approval-step,2026-07-29T11:13:26.325808+00:00,dynamically-set-the-self-service-action-approval-step,True,8
65e7390a0b8acf82dfc933fc,Ordering of action widgets,The ability to order how the self serve action widgets appear on the hub page. At the moment it seems they can just be in the order in which they were created?,Port portal,Open,14,1,open,Self-service actions,2024-03-05T15:23:54.063Z,https://roadmap.port.io/ideas/p/ordering-of-action-widgets,2026-07-29T11:19:30.316650+00:00,ordering-of-action-widgets,True,1
69553a67723320e3d9a93ab6,Per‑User Impersonation / Delegated Execution for Actions,"We need Port to support executing self‑service actions as the real user, not as a shared technical account. Today, actions that call tools like GitHub or Jira are executed with an app token, so in those tools every change appears as coming from a generic user. This breaks per‑user traceability required by an external zero‑trust banking audit, is considered a high security risk, and blocks us from safely scaling self‑service to 1,500+ engineers and multiple companies in our group.

Requested capability:

* OAuth2‑based delegated authorization so each Port user can link their own GitHub/Jira account and actions run with their token.

* A consistent “execute as user” model across integrations (GitHub first, then Jira, others later).

* Configurable backend for actions: keep current “machine token” mode, and add a new user‑session/OAuth mode that respects Port RBAC and IdP policies.

This is a blocker for audit compliance, enterprise‑wide adoption, and for comparing Port fairly with other IDPs that already support per‑user execution.",Port portal,Open,14,1,open,Self-service actions,2025-12-31T14:59:51.272Z,https://roadmap.port.io/ideas/p/peruser-impersonation-delegated-execution-for-actions,2026-07-29T11:20:34.757325+00:00,peruser-impersonation-delegated-execution-for-actions,True,6
66bcd5fd1f605d678af1aa7f,Expose Catalogue Usage Telemetry,"As a Platform Engineer launching a new dashboard in the Port catalogue I'd like to 1) track adoption and usage of the new dashboard/page and 2) have access to data so I can integrate my surveying tooling to survey the users who use the new dashboard.

For big picture context. We are also a customer of DX who have a product called PlatformX. We have integrated this into our Self Service Actions. When a user (Bob) runs a self-service action via Port an event is fired off to DX saying that Bob did X event. DX looks to see if Bob is eligible for surveying based on the action (event) taken and if valid will send a survey to them personally on teams (MS Bot framework). This gives a very low friction option for Bob to provide feedback they might have otherwise not raised.

We'd like to perform a similar integration but for important pages in the catalogue, like a newly launched dashboard. So, the user experience might be that Bob accesses the new port dashboard page for the first time and sometime later is pinged on teams saying ""Hey we saw you used the ABC dashboard for the first time. Could you let us know what you thought etc...""

Currently we don't have access to data that tells us who has accessed what pages in the catalogue at what time. Could this data/event telemetry be made available?",Port portal,Open,13,0,open,Audit log,2024-08-14T16:06:21.492Z,https://roadmap.port.io/ideas/p/expose-catalogue-usage-telemetry,2026-07-29T11:01:35.802775+00:00,expose-catalogue-usage-telemetry,True,4
66d864d7542dcbf9633ce7ab,Catalog auto-discovery,"Currently, relating blueprints and their entities to one another can be done with ease using jq in the data source mapping. While this is helpful, it would be beneficial if Port could auto-discover and propose relations between certain things.

The new ""Catalog Discovery"" feature will provide the ability to automatically discover new catalog entities and their relations.

For example, Port will discover all your Services and their relations to the different third-party tools, such as Git Repository, PagerDuty, Snyk, Sonar, etc.",Port portal,Completed,13,5,complete,Data model,2024-09-04T13:47:03.075Z,https://roadmap.port.io/ideas/p/catalog-auto-discovery,2026-07-29T11:13:48.923629+00:00,catalog-auto-discovery,False,1
68bd7e90a9379b38bb16db1d,Create pages using AI,"Allows users to generate pages using AI in Port. The vibe-coded page leverages Port’s rich context lake and answers a business question or analysis need, for example a manager asking for a quick snapshot of ownership, risk, progress, or gaps across teams.

See a few ideas for mock-ups.",Port portal,In progress,12,1,exploring,Dashboards & widgets,2025-09-07T12:46:08.530Z,https://roadmap.port.io/ideas/p/create-pages-using-ai,2026-07-29T10:56:44.357371+00:00,create-pages-using-ai,False,0
697724eee72002a91c1386a5,Support custom kind (API endpoint) in out of the box integrations,"Today, out of the box Ocean integrations come with a fixed set of predefined kinds. 

When users want to ingest data from API endpoints that are not covered by those kinds, they either need to wait for Port to add a new kind or create a separate custom Ocean integration, including authentication and connection setup, even though they already have an existing integration configured. 

This creates unnecessary friction and duplication. We should allow users to define custom kinds directly within out of the box Ocean integrations, reusing the existing authentication and connection that Port already manages, so they can fetch additional data from supported APIs without creating a new integration or waiting for Port to add more kinds",Port portal,In progress,12,3,exploring,Integrations,2026-01-26T08:25:18.813Z,https://roadmap.port.io/ideas/p/support-custom-kind-api-endpoint-in-out-of-the-box-integrations,2026-07-29T10:57:53.432062+00:00,support-custom-kind-api-endpoint-in-out-of-the-box-integrations,False,0
6830c7b5288a158fac75361b,Conditional widget display,"I would like to conditionally show or hide widgets in my entity dashboard based on some property on my blueprint. 

For example, have a Service blueprint with a type of ""Frontend"" would display Frontend specific widgets or dashboard tabs",Port portal,Open,12,0,open,Dashboards & widgets,2025-05-23T19:08:37.494Z,https://roadmap.port.io/ideas/p/conditional-widget-display,2026-07-29T11:16:18.431653+00:00,conditional-widget-display,False,0
64f241ba50f7aa096976efe6,Add Codefresh as a supported Backend for an Action triggered from Port,"Basically, add Codefresh here:

https://docs.getport.io/create-self-service-experiences/setup-backend/

More specifically, the Action in Port should be able to trigger a [Classic Codefresh Pipeline](https://codefresh.io/docs/docs/pipelines/introduction-to-codefresh-pipelines/) ([link](https://codefresh.io/docs/docs/pipelines/introduction-to-codefresh-pipelines/)), not to be confused with an Argo Workflows|Events pipeline.",Port portal,Open,12,0,open,Self-service actions,2023-09-01T19:55:38.077Z,https://roadmap.port.io/ideas/p/add-codefresh-as-a-supported-backend-for-an-action-triggered-from-port,2026-07-29T11:17:06.907194+00:00,add-codefresh-as-a-supported-backend-for-an-action-triggered-from-port,True,5
69f0734f1a722e24bcaec357,Apply one scorecard to multiple blueprints,"As a builder, having one scorecard applying to one blueprint means I need to create 3 scorecards for the same criteria which causes friction in the creation, maintenance and visualization of these. 

Longer description:

- The same requirement exists across different resource types like deployable units, repos, and host-based apps.

- With Port’s current model, we need a separate scorecard per blueprint, which turns one concept into many parallel scorecards.

- That creates a maintenance problem as they could quickly grow into dozens of scorecards and make the team the bottleneck for setup and upkeep.

- We also want to support unified views of the resulting action items and health status, instead of splitting them across blueprint-specific scorecards.",Port portal,Planned,11,1,planned,Scorecards,2026-04-28T08:43:59.730Z,https://roadmap.port.io/ideas/p/apply-one-scorecard-to-multiple-blueprints,2026-07-29T10:56:26.984457+00:00,apply-one-scorecard-to-multiple-blueprints,False,1
66d94baa3c9acf656ff773fa,Prisma Cloud Ocean integration,"Ingest vulnerabilities from Prisma Cloud for open source, containers and other sources",Port portal,In progress,11,1,exploring,Integrations,2024-09-05T06:11:54.048Z,https://roadmap.port.io/ideas/p/prisma-cloud-ocean-integration,2026-07-29T10:57:31.351895+00:00,prisma-cloud-ocean-integration,False,0
673cc7ccf5479baf4a9f4a75,Ability to specify the source of an API change (updatedByAlias/createdByAlias),"We now have multiple locations where we are using the API to update specific blueprints. Having all changes to blueprints made through the API under ""Rest API"" is too vague for us to know where specifically the change came from. It would be nice if we could include a name of the source in our blueprint change payload and then be able to see this reflect in the audit logs.

For example:

I change blueprint Service with a python script called ""service_changer.py"" using a POST in the script - I can also pass into the body of the POST ""updatedByAlias"":""service_changer.py""

And then later, I can filter the audit log by ""updatedByAlias"":""service_changer.py"" to see all changes made through that specific script.",Port portal,Open,11,0,open,Audit log,2024-11-19T17:15:56.796Z,https://roadmap.port.io/ideas/p/ability-to-specify-the-source-of-an-api-change-updatedbyalias-createdbyalias,2026-07-29T11:01:22.344517+00:00,ability-to-specify-the-source-of-an-api-change-updatedbyalias-createdbyalias,True,1
6899c7023d379b03f9f77df7,Support jq version 1.8 in Port,"Port currently uses JQ v1.7.1, which does not support functions introduced in v1.8 (e.g., trim, ltrim, rtrim). This causes confusion when users follow the latest jq documentation or test queries in the official playground. Upgrading to v1.8 would enable these functions, remove the need for regex workarounds, and align Port’s capabilities with the latest jq features across self-service actions, mappings, and exporters.",Port portal,Open,11,0,open,Self-service actions,2025-08-11T10:33:38.267Z,https://roadmap.port.io/ideas/p/support-jq-version-18-in-port,2026-07-29T11:16:44.052715+00:00,support-jq-version-18-in-port,True,5
67098dae95ff13ed656df804,API to return action approver details,"Currently, the API only displays the user ID, status, and description of an action. It would be beneficial if it could also include the action approver details, such as their name and email.",Port portal,Open,11,1,open,Self-service actions,2024-10-11T20:42:22.237Z,https://roadmap.port.io/ideas/p/api-to-return-action-approver-details,2026-07-29T11:19:13.225212+00:00,api-to-return-action-approver-details,True,2
6719946e0dbd2fbb0b335147,Widget to display automation runs,"Currently, the ability to create widgets is only available for actions. We would like to have a widget to view the runs of automations also.",Port portal,Open,10,0,open,Automations,2024-10-24T00:27:26.495Z,https://roadmap.port.io/ideas/p/widget-to-display-automation-runs,2026-07-29T10:59:44.230631+00:00,widget-to-display-automation-runs,True,3
670bd28134fe68a63374c0f7,Show login attempts in the audit log,Make it possible to see login attempts (both successful and unsuccessful) in an organization's audit log,Port portal,Open,10,3,open,Audit log,2024-10-13T14:00:33.367Z,https://roadmap.port.io/ideas/p/show-login-attempts-in-the-audit-log,2026-07-29T11:01:38.233580+00:00,show-login-attempts-in-the-audit-log,True,0
656860c290e00a0a8901b4fd,"""Preview"" self-service action input type","The ""preview"" self-service action input will provide a way to display the user's static data that helps while filling out the action form.

This is done by calculating values based on the data of other form inputs, user data, and entity data.

For example - creating a ""Preview"" input for a ""full name"" that will display the full name according to the ""first name"" and ""last name"" inputs",Port portal,Closed,10,3,closed,Self-service actions,2023-11-30T10:15:30.811Z,https://roadmap.port.io/ideas/p/preview-self-service-action-input-type,2026-07-29T11:13:31.300440+00:00,preview-self-service-action-input-type,True,4
697343a26bf41cfd6bc9ac53,Filters UI as an input inside a self‑service action form,"A feature that allows end‑users to use the Filters UI as an input inside a self‑service action form, and on submission, pass the resulting filter JSON so it can be used (e.g., with the Search API) to fetch matching services.",Port portal,Open,10,0,open,Self-service actions,2026-01-23T09:47:14.042Z,https://roadmap.port.io/ideas/p/filters-ui-as-an-input-inside-a-selfservice-action-form,2026-07-29T11:15:00.268199+00:00,filters-ui-as-an-input-inside-a-selfservice-action-form,True,4
67c68b799784f92c6176416d,Admins should see the HTTP response of action backend's webhook calls,"As an admin, I'd like to see the return status and body for webhook self-service action backends",Port portal,Open,10,1,open,Self-service actions,2025-03-04T05:11:21.714Z,https://roadmap.port.io/ideas/p/admins-should-see-the-http-response-of-action-backends-webhook-calls,2026-07-29T11:17:09.682820+00:00,admins-should-see-the-http-response-of-action-backends-webhook-calls,True,4
6972f975d5c93c87561968d0,Additional GitHub Metrics,"We would like to have additional GitHub Metrics come natively from the GItHub integration, for example the ones from this repo https://github.com/port-experimental/super-github-metrics",Port portal,In progress,9,1,exploring,Integrations,2026-01-23T04:30:45.820Z,https://roadmap.port.io/ideas/p/additional-github-metrics,2026-07-29T10:56:16.884941+00:00,additional-github-metrics,False,0
68ba8692304d62593727db35,DORA Metrics for Azure Devops,"Support of DORA Metrics for ADO as part of Experience 360

Out of the box ADO metrics support",Port portal,In progress,9,1,exploring,Dashboards & widgets,2025-09-05T06:43:30.232Z,https://roadmap.port.io/ideas/p/dora-metrics-for-azure-devops,2026-07-29T10:56:54.411758+00:00,dora-metrics-for-azure-devops,False,0
6877b06180165e9a89b9823d,Embed docs in installation modal,"Embed the documentation directly in the integration-installation modal.

This keeps users in flow, gives them step-by-step guidance without switching tabs, and helps prevent setup or permissions slip-ups.",Port portal,In progress,9,3,in progress,Integrations,2025-07-16T14:00:01.717Z,https://roadmap.port.io/ideas/p/embed-docs-in-installation-modal,2026-07-29T10:56:56.850495+00:00,embed-docs-in-installation-modal,True,2
696536f00816995e2f225d04,"Identify the first commit & timestamp associated with a ""Deployment""","Add support for reliably identifying the earliest commit & timestamp that belongs to a ""Deployment"" across GitHub, GitLab, and Azure DevOps, as this is required to calculate Lead Time for Changes regarding DORA metrics.",Port portal,In progress,9,2,exploring,Integrations,2026-01-12T18:01:20.213Z,https://roadmap.port.io/ideas/p/identify-the-first-commit-timestamp-associated-with-a-deployment,2026-07-29T10:57:09.067471+00:00,identify-the-first-commit-timestamp-associated-with-a-deployment,False,0
67895534042ee09b4b24a302,Allow agregating owning teams from multiple parent blueprints,"Have a blueprint to inherit owning teams from multiple blueprints and agregate the teams. I.e. In a model with Application > Project > Portfolio blueprints, Application should be able to inherit ownership from both Project and Portfolio, while Project should be able to inherit from Portfolio while also having its own owning teams (i.e. project may have a 'Managers' team that can manage that project and Applications on it but not the entire Porftolio).",Port portal,Open,9,2,open,RBAC & Ownership,2025-01-16T18:51:32.327Z,https://roadmap.port.io/ideas/p/allow-agregating-owning-teams-from-multiple-parent-blueprints,2026-07-29T11:00:16.554794+00:00,allow-agregating-owning-teams-from-multiple-parent-blueprints,True,0
660d66b1dab230b40bbbfd84,Team inheritance support OR relationships,"At present it supports inheritance from a single blueprint.

Where you have multiple blueprints which a PR entity can be associated with  e.g.

- Microservice

- Tooling

- Library

Would be nice to add OR tooling OR library where a relation doesn't exist on the initial check to complete the coverage of options for inheritance",Port portal,Open,9,2,open,RBAC & Ownership,2024-04-03T14:24:49.766Z,https://roadmap.port.io/ideas/p/team-inheritance-support-or-relationships,2026-07-29T11:00:34.223130+00:00,team-inheritance-support-or-relationships,True,0
663e9081a5869a204ddd6ae1,Audit Log for Pages,Provide audit log functionality for pages so that we can track which users create/edit/delete things like dashboards.,Port portal,Open,9,0,open,Audit log,2024-05-10T21:24:17.582Z,https://roadmap.port.io/ideas/p/audit-log-for-pages,2026-07-29T11:01:27.834861+00:00,audit-log-for-pages,True,0
6584045643d41b6fd0ac313c,Self service action without requiring blueprint,"As a DevOps Engineer,

I want the ability to create self-service actions directly within Port without the need for predefined blueprints,

So that I can quickly and flexibly introduce new processes and tasks tailored to my specific needs.",Port portal,Completed,9,2,complete,Self-service actions,2023-12-21T09:24:38.579Z,https://roadmap.port.io/ideas/p/self-service-action-without-requiring-blueprint,2026-07-29T11:13:36.183441+00:00,self-service-action-without-requiring-blueprint,True,3
682c35c03d53193a7ca01e11,Webhook resiliency,"Currently, the webhook integration does not allow you to reingest failed events, or recover from incidents with the integration.

Implementing a Dead Letter Queue or an alternative mechanism that lets you redeliver events received by the webhook integration will improve the integration resiliency.",Port portal,Open,9,0,open,Data sources,2025-05-20T07:56:48.647Z,https://roadmap.port.io/ideas/p/webhook-resiliency,2026-07-29T11:17:48.198200+00:00,webhook-resiliency,False,1
658017fae4e884edf5a34ea5,Support manual approval in the middle of a running action,"Today manual approval can only be configured as a gate to prevent an action from starting.

In some real-life workflows, an action might perform some process and then arrive at another point that requires manual approval.

Port should support such cases by making it possible to update the state of a running action, allowing it to require approval again (maybe even from different approvers) and only then continue its work, probably by sending an approve request to the pipeline system that is currently stuck",Port portal,Open,9,2,open,Self-service actions,2023-12-18T09:59:22.243Z,https://roadmap.port.io/ideas/p/support-manual-approval-in-the-middle-of-a-running-action,2026-07-29T11:19:10.782048+00:00,support-manual-approval-in-the-middle-of-a-running-action,True,5
669f73086d132f3ee45a4c86,Place action in maintenance mode,"Sometimes when an action is going through changes, a platform engineer would want to disable an action for maintenance purposes.

It would be great to be able to temporarily disable actions for non-admins.",Port portal,Open,9,2,open,Self-service actions,2024-07-23T09:08:24.325Z,https://roadmap.port.io/ideas/p/place-action-in-maintenance-mode,2026-07-29T11:19:32.894268+00:00,place-action-in-maintenance-mode,True,3
650acbf95b34b73cc2493ca8,"""Cancel"" button for action run",Ability to cancel the execution of an action after triggering it,Port portal,Open,9,1,open,Self-service actions,2023-09-20T10:39:53.701Z,https://roadmap.port.io/ideas/p/cancel-button-for-action-run,2026-07-29T11:19:48.408913+00:00,cancel-button-for-action-run,True,4
69bd58a10abc9096ad81862e,Re-run capability for Workflow runs,"Requesting re-run button/capability for workflow runs.

During development and testing, we have to create a new event every time we want to test a workflow change. Being able to re-run a previous workflow run would significantly speed up the iteration cycle.",Port portal,In progress,8,3,exploring,Workflows,2026-03-20T14:24:33.794Z,https://roadmap.port.io/ideas/p/re-run-capability-for-workflow-runs,2026-07-29T10:57:36.331442+00:00,re-run-capability-for-workflow-runs,True,1
66b8c7851d97c95490e72628,Email type invocation method for automations,"The ability to choose the invocation method of an automation to be ""Sending an email""

For example - Whenever a scorecard is degraded, send an update email (Just like the Slack use case, but sending the report in email)",Port portal,Open,8,0,open,Automations,2024-08-11T14:15:33.990Z,https://roadmap.port.io/ideas/p/email-type-invocation-method-for-automations,2026-07-29T10:59:32.077067+00:00,email-type-invocation-method-for-automations,True,2
67081c59cbd03fd852327558,Update audit log for Users & Team entities to show what user made the change,"Currently I can see that a change to a User or Team was made, I cannot see who made it. The audit log record only shows ""updated by"": ""port-internal"" as in the screenshot as opposed to an actual user. This is important for compliance auditing",Port portal,Open,8,2,open,Audit log,2024-10-10T18:26:33.358Z,https://roadmap.port.io/ideas/p/update-audit-log-for-users-team-entities-to-show-what-user-made-the-change,2026-07-29T11:01:43.536018+00:00,update-audit-log-for-users-team-entities-to-show-what-user-made-the-change,True,0
65b9006ef5018ed4ab27075b,Abilty to add a filter so only certain Self Service Actions appear on a Catalog Page.,"When using overarching blueprints such as ""components"", which have many types including micro-frontends, microservices, connectors, It is important to differentiate these by using different catalogue pages. This can be achieved, however we then have a need to only show specific self service actions on those pages. For instance, there is no requirement to surface the SSA for creation of a microservice on our micro-frontend catalogue page. Therefore there is a requirement to filter Self Service Actions on custom catalogue pages.",Port portal,Open,8,2,open,Self-service actions,2024-01-30T13:58:06.120Z,https://roadmap.port.io/ideas/p/abilty-to-add-a-filter-so-only-certain-self-service-actions-appear-on-a-catalog,2026-07-29T11:13:46.467223+00:00,abilty-to-add-a-filter-so-only-certain-self-service-actions-appear-on-a-catalog,True,3
670e6d4f1d4ba786e2faa0df,Table & bulk actions,"There are two situations I find myself in on any table view with day-2 actions:

1. I want to bulk run all actions (I know that there is a feature request for this)

2. I want to run a single action that references all entities

This second case is something I would call ""table actions"", or it could just be another standard create action.

Some example cases:

- I apply some filters, and I now want to associate all the filtered entities with another entity (e.g. assign team)

- I apply filters and I want to reference all the existing entities as part of a payload to creating an incident, sending a slack, etc...",Port portal,Open,8,0,open,Self-service actions,2024-10-15T13:25:35.286Z,https://roadmap.port.io/ideas/p/table-bulk-actions,2026-07-29T11:14:28.428184+00:00,table-bulk-actions,True,2
6492ce2717e04538dd2b68f0,SSO Group integration - easily control the list of allowed groups,"Currently, the only way to determine what groups will be synced with Port is by creating REGEX and sending it to the Port team to implement.

We would like to have the ability to easily control the groups' allow list via Port's UI/API",Port portal,Open,8,0,open,Authentication & users,2023-06-21T10:17:11.743Z,https://roadmap.port.io/ideas/p/sso-group-integration-easily-control-the-list-of-allowed-groups,2026-07-29T11:16:59.543254+00:00,sso-group-integration-easily-control-the-list-of-allowed-groups,False,1
684c4e772523f38ddde65e37,I want to be able to use multiple backends for one self service action,"As an example: I have different GH actions configured for provisioning resources on AWS depending on the resource requested:

- Action A: To provision an EC2 instance

- Action B: To provision an S3 bucket

- Action C: To provision an AWS user

- Action D: To provision a lambda function

- Action E: To provision a Postgres DB

I have a single SSA, ""Provision AWS Resource"" which contains several advanced inputs which are visible or disappear based on the resource type selected. Due to Port's current setup, I have to combine these 5 GH actions into one since the SSA can only trigger one backend. This will cause my GH action to be huge, convoluted and complex, when I could just configure my SSA to send a payload to a backend (GH action A - E) depending on the resource to be provisioned.

Also, I should be able to configure the format of the payload per backend. This allows a single generic SSA but different branches of GH actions (or a different backend pipeline) to be used for complex use cases.",Port portal,Open,8,0,open,Self-service actions,2025-06-13T16:14:47.335Z,https://roadmap.port.io/ideas/p/i-want-to-be-able-to-use-multiple-backends-for-one-self-service-action,2026-07-29T11:17:17.367603+00:00,i-want-to-be-able-to-use-multiple-backends-for-one-self-service-action,True,7
695bf72d297ab788de024c91,Support Board view in Table widget (aka Kanban),"Support a Kanban board, allowing to drag items, etc.",Port portal,Planned,7,2,planned,Catalog Tables,2026-01-05T17:38:53.941Z,https://roadmap.port.io/ideas/p/support-board-view-in-table-widget-aka-kanban,2026-07-29T10:57:48.486047+00:00,support-board-view-in-table-widget-aka-kanban,False,0
6a42936d80bbb7363013edcf,"Teams, roles and dynamic policy in Port Workflows Input node","Right now the Input node supports only a static list of users. Adding teams, roles, and dynamic policies will enable more advanced human-in-the-loop use cases. For example: requesting approval from the on-call engineer before deployment outside business hours.",Port portal,In progress,7,1,in progress,Workflows,2026-06-29T15:46:53.824Z,https://roadmap.port.io/ideas/p/teams-roles-and-dynamic-policy-in-port-workflows-input-node,2026-07-29T10:58:08.409141+00:00,teams-roles-and-dynamic-policy-in-port-workflows-input-node,True,3
670ec68530296ea5390dde1d,Apply new/updated Automation to all existing entities,"Most of the time, when we create an automation, we'd like to apply it to all existing entities so they will all get aligned based on the automation and then the automation will be triggered for new events.

Currently, the entities will get aligned only after all of them will get the respective event which potentially can take a lot of time. 

Having something similar to Gmail filters' ""Also apply filter to X matching conversations"" feature would really improve the UX of automation as today we need to manually resync or do a dummy migration in order to trigger the automation alignment.",Port portal,Open,7,0,open,Automations,2024-10-15T19:46:13.983Z,https://roadmap.port.io/ideas/p/apply-new-updated-automation-to-all-existing-entities,2026-07-29T10:59:27.230294+00:00,apply-new-updated-automation-to-all-existing-entities,True,2
66ed8947ead64150da5c3793,In-app notifications of changes to entities,"Right now, Port admins can create automations that can, for example, upsert entities to create a ""changelog"" type of experience. While this can be an acceptable method for ""notifying"" entity owners about changes to their entities, a better solution would be in-app notifications in Port to notify the owning team whenever a project or an environment changes",Port portal,Open,7,1,open,Automations,2024-09-20T14:40:07.251Z,https://roadmap.port.io/ideas/p/in-app-notifications-of-changes-to-entities,2026-07-29T10:59:34.481770+00:00,in-app-notifications-of-changes-to-entities,True,1
67641f3021e6bd260f037ed5,Upsert entity invocation method - Allow upserting multiple entities,"Today you can only update one entity using the Upsert entity invocation method, It's true that as a workaround you can send an api call to a custom webhook and update multiple entities using the custom webhook, but it'll be ideal and much clearer to have this ability in the invocation method itself",Port portal,Open,7,0,open,Automations,2024-12-19T13:27:12.871Z,https://roadmap.port.io/ideas/p/upsert-entity-invocation-method-allow-upserting-multiple-entities,2026-07-29T10:59:41.820263+00:00,upsert-entity-invocation-method-allow-upserting-multiple-entities,True,2
6984c8667a1845e176fe3732,Action Runs API endpoint improvements,"The /v1/actions/runs is currently limited because there is not enough ability for filtering of the returned runs, there is no ""include"" parameter, and the limit is set to max of 1000 runs without ability for pagination. 

The endpoint can be improved by adding support for

- Filtering by run status (and other fields)

- ""include"" parameter

- Pagination",Port portal,Open,7,1,open,Automations,2026-02-05T16:42:14.875Z,https://roadmap.port.io/ideas/p/action-runs-api-endpoint-improvements,2026-07-29T10:59:56.702967+00:00,action-runs-api-endpoint-improvements,True,3
69c4768e225c05c619446ff0,"""My Teams"" Filter Should Restrict Users With No Team Membership","When a dashboard or catalog uses the “My Teams” filter, users who are not part of any team currently see all entities because the filter resolves to an empty set and removes restrictions; instead, the filter should return zero results (or follow a defined fallback) for users with no team membership, ensuring they don’t see everything by default, regardless of their role.",Port portal,Open,7,0,open,RBAC & Ownership,2026-03-25T23:58:06.455Z,https://roadmap.port.io/ideas/p/my-teams-filter-should-restrict-users-with-no-team-membership,2026-07-29T11:00:24.294897+00:00,my-teams-filter-should-restrict-users-with-no-team-membership,True,0
659d2fac49ce63995d7e4269,Action runs - update log messages.,"Currently, there is no way to edit current action logs.

A possible solution will be to return a message ID when posting a log through the API, and implementing a new route to patch messages based on the ID.

This will help keep the logs cleaner and save a lot of space.",Port portal,Open,7,0,open,Audit log,2024-01-09T11:36:12.669Z,https://roadmap.port.io/ideas/p/action-runs-update-log-messages,2026-07-29T11:01:24.824765+00:00,action-runs-update-log-messages,True,3
6718f84b6fa72a26e29edf8c,Audit log for user management,"Capture user management activities (names and time stamps) in the audit log. For example:

- when user was invited / created / deleted

- who invited / edited / deleted user

- when user permissions changed

- who changed user permissions

- how the user was created (API, UI, etc)",Port portal,Open,7,0,open,Audit log,2024-10-23T13:21:15.772Z,https://roadmap.port.io/ideas/p/audit-log-for-user-management,2026-07-29T11:01:30.735519+00:00,audit-log-for-user-management,True,1
693c8d0033e00c27eae1da30,Client Secret Rotation Alert,"We want to configure an alert that is sent out to admins when an organization secret has been changed.  Or perhaps, a way to subscribe to a Port event that says “this client’s secret was rotated.”",Port portal,Open,7,0,open,Audit log,2025-12-12T21:45:36.321Z,https://roadmap.port.io/ideas/p/client-secret-rotation-alert,2026-07-29T11:01:33.371478+00:00,client-secret-rotation-alert,True,0
672213c2691e04e14096b3b4,Self-service action dynamic display,"Currently, the current RBAC model (https://docs.getport.io/actions-and-automations/create-self-service-experiences/set-self-service-actions-rbac/dynamic-permissions/) only allows administrators to filter self-service action visibility based on teams or role.

This feature request is about the possibility to use a more complex approach based on properties from user profile or from the team properties of which he is a part of. 

Kind of the field ""policy"" but which can't be used for this purpose today.",Port portal,Completed,7,2,complete,Self-service actions,2024-10-30T11:08:50.971Z,https://roadmap.port.io/ideas/p/self-service-action-dynamic-display,2026-07-29T11:13:33.721086+00:00,self-service-action-dynamic-display,True,7
656771af070a907c6e635dc9,Restrictions on Running Actions in Parallel,"As an admin of Port,

I want to be able to configure restrictions on running actions in parallel, so that I can control the concurrency of certain tasks within my workflow. For example, I don't want to run a deployment action on the same service twice.",Port portal,Open,7,0,open,Self-service actions,2023-11-29T17:15:27.668Z,https://roadmap.port.io/ideas/p/restrictions-on-running-actions-in-parallel,2026-07-29T11:14:26.017340+00:00,restrictions-on-running-actions-in-parallel,True,3
68385892443469540b4ed3bd,Add Table input to Self Service Action Form,"It would be great if Port Self Service Actions allowed to have an input field in table format for users. We need users to input multiple times 4 related inputs which would be better visualized as a table (this is how we manage it in another tool currently). Without a table view, the UX is not good. Use case:

- Developers need to input network information

- This information is in a table naturally (DNS | IP | Port | Something else)

- The information may need to be inputted multiple times in a form

- They need to make sure the data matches the other data (DNS with IP and such)",Port portal,Open,7,0,open,Self-service actions,2025-05-29T12:52:34.203Z,https://roadmap.port.io/ideas/p/add-table-input-to-self-service-action-form,2026-07-29T11:14:35.747662+00:00,add-table-input-to-self-service-action-form,True,5
681b0a5d2c401ce3fc35e8bc,JQ in Action conditions,"Right now it is not possible to use JQ when creating conditions for Day-2 or Delete actions. 

It would be very powerful to have that possibility for advanced searching/filtering of entities",Port portal,Open,7,0,open,Self-service actions,2025-05-07T07:23:09.099Z,https://roadmap.port.io/ideas/p/jq-in-action-conditions,2026-07-29T11:16:20.849310+00:00,jq-in-action-conditions,True,3
659823830182c070291f2d87,Retry logic for transient errors in action backends,"It would be nice to have the option to have Port manage back pressure and retries of action runs.

It would require action run implementations to be idempotent and some way to opt in for Port-managed retries through the API. 

Maybe a status field on the action run signalling a transient error and that Port should retry after applying backoff.",Port portal,Open,7,0,open,Self-service actions,2024-01-05T15:42:59.194Z,https://roadmap.port.io/ideas/p/retry-logic-for-transient-errors-in-action-backends,2026-07-29T11:17:25.140986+00:00,retry-logic-for-transient-errors-in-action-backends,True,4
688cd5bf0590fd0cef3cbead,Add Webhook Secret Support for Ocean Metrics,"Currently, Ocean metrics webhooks only support passing a webhook URL, adding support for webhook secrets to enhance the security of metrics data sent from Ocean integrations to monitoring endpoints",Port portal,Open,7,0,open,Data sources,2025-08-01T14:57:03.393Z,https://roadmap.port.io/ideas/p/add-webhook-secret-support-for-ocean-metrics,2026-07-29T11:17:27.791045+00:00,add-webhook-secret-support-for-ocean-metrics,False,1
66bdca87e78e9ec286c639a3,Modify Payload/Inputs for 'Waiting for approval' Self-Service Actions,"Currently, once a user initiates a self-service action that needs approval, the action's payload or inputs are fixed. Approvers are unable to change the action's specifics and they can only accept or reject it. 

I suggest before giving final approval, approvers will be able to make any necessary changes to the payload or inputs, potentially reducing the number of rounds of back-and-forth correspondence required between initiators and approvers to modify payloads and inputs.",Port portal,Open,7,5,open,Self-service actions,2024-08-15T09:29:43.176Z,https://roadmap.port.io/ideas/p/modify-payload-inputs-for-waiting-for-approval-self-service-actions,2026-07-29T11:18:13.168942+00:00,modify-payload-inputs-for-waiting-for-approval-self-service-actions,True,6
663767aaaa732863041977e3,receive the relation objects in the payload instead of just the related object identifier,"Right now when you query an entity using API you will get the identifiers of the related entities. 

It could be helpful to receive the relation objects in the payload instead of just the related object identifier",Port portal,Open,7,0,open,Data model,2024-05-05T11:04:10.204Z,https://roadmap.port.io/ideas/p/receive-the-relation-objects-in-the-payload-instead-of-just-the-related-object-i,2026-07-29T11:18:18.483845+00:00,receive-the-relation-objects-in-the-payload-instead-of-just-the-related-object-i,False,0
6710640a41d1a5151b93a275,Toggle Payload 'See Details' for Self-Service Actions,"In the action run, the payload 'See details' is available by default to all users. Need a toggle to turn it on/off for the self-service actions.",Port portal,Open,7,0,open,Self-service actions,2024-10-17T01:10:34.008Z,https://roadmap.port.io/ideas/p/toggle-payload-see-details-for-self-service-actions,2026-07-29T11:18:26.264260+00:00,toggle-payload-see-details-for-self-service-actions,True,4
65c3900fc543d815a5cbf71b,Manual approval | support approval notification to a Kafka topic,,Port portal,Open,7,0,open,Self-service actions,2024-02-07T14:13:35.849Z,https://roadmap.port.io/ideas/p/manual-approval-support-approval-notification-to-a-kafka-topic,2026-07-29T11:19:00.665418+00:00,manual-approval-support-approval-notification-to-a-kafka-topic,True,1
664dfc30f03c3cdb1e67c0b7,Port GitHub action | Support dry run for the Port action for tests,Sometimes we want to run Github workflows for tests purposes to see no error is raised. So we would want to have a flag for the port-github-action (https://github.com/marketplace/actions/port-github-action) to dry run it only for validation,Port portal,Open,7,0,open,Self-service actions,2024-05-22T14:07:44.602Z,https://roadmap.port.io/ideas/p/port-github-action-support-dry-run-for-the-port-action-for-tests,2026-07-29T11:19:35.717784+00:00,port-github-action-support-dry-run-for-the-port-action-for-tests,True,4
6682ab3ba742ae079012c2f5,Improved Retry Mechanism for Port Synchronization,"The current retry mechanism in Port does not handle well synchronization failures caused by race conditions and temporary issues. This feature request proposes an enhanced retry system to improve data consistency and reliability with eventual consistency.

1. Automated Re-sync for Specific Blueprints (based on missing realations)

Add support for automated re-sync based on missing relations in blueprint entities.

- Improve the current periodic re-sync feature to support specific blueprints

- Add support for configuring conditional re-sync only if there are errors caused by missing relations

This will ensure eventual consistency for objects with infrequent updates (e.g., re-sync only for k8s namespaces when k8s pod has missing namespace as a relation)

2. Implement Exponential Backoff

- Replace the current retry system with an exponential backoff mechanism

- Gradually increase the time between retry attempts to reduce system load and improve success rates

3. Retry for Relation Sync Issues

- Enable retry attempts specifically for entities created with relation sync issues

- Target scenarios where related entities may not have been imported yet due to timing

Benefits

- More efficient use of system resources during retries

- Higher success rate for entity synchronization

- Automatic resolution of temporary inconsistencies

- Improved data integrity and completeness over time

This feature will enhance Port's ability to maintain consistent and complete data, especially in complex scenarios involving multiple related entities and large-scale imports.",Port portal,Open,7,0,open,Data sources,2024-07-01T13:12:27.778Z,https://roadmap.port.io/ideas/p/improved-retry-mechanism-for-port-synchronization,2026-07-29T11:20:27.398527+00:00,improved-retry-mechanism-for-port-synchronization,False,1
68244c550f9886c27cc30388,Trigger Aggregation Property Update,"Some aggregation properties will only be updated when certain conditions are met e.g. total number of related x to y could only update for any entity change in a related x. Some aggregation properties are also usually static after an initial period of updating and will likely never be updated again. 

For these recalculating every 15 minutes will result in lots of unnecessary work. What if instead these aggregation properties could be triggered by an update to a downstream related entity either before or after so only have an update when necessary. So when an entity of x is updated the aggregation update is triggered for the before y and after y. 

The reduction in work and processing could even mean this type of aggregation could avoid the limit for aggregation properties.

An automation could even be used to trigger the relevant updates as this can already handle the any change to the relation logic and would impose rate limits making sure the amount of updates stays sensible",Port portal,Open,7,0,open,Data model,2025-05-14T07:55:01.616Z,https://roadmap.port.io/ideas/p/trigger-aggregation-property-update,2026-07-29T11:21:09.681848+00:00,trigger-aggregation-property-update,True,2
678ad59d8b818be882975a08,ADO SaaS Integration : support for multiple organizations,,Port portal,In progress,6,1,in progress,Integrations,2025-01-17T22:11:41.918Z,https://roadmap.port.io/ideas/p/ado-saas-integration-support-for-multiple-organizations,2026-07-29T10:56:19.300196+00:00,ado-saas-integration-support-for-multiple-organizations,False,0
69b7e0ad6f9e96445f0f5256,AI Plugin Registry,"Goal: Discover, view, and govern all agents, skills, prompts, commands across the organization with hierarchical scopes and approval workflows so that you can standardize AI tooling and prevent agentic sprawl.

Business Outcome: Single source of truth for AI entities; eliminate duplicates and shadow; enforce quality standards before distribution.",Port portal,In progress,6,2,in progress,AI agents,2026-03-16T10:51:25.501Z,https://roadmap.port.io/ideas/p/ai-plugin-registry,2026-07-29T10:56:22.135165+00:00,ai-plugin-registry,True,2
69ba71afbd3e01f36afedec0,Entities table performance improvements,"Currently, the entities table's performance degrades significantly when loading a large number of entities.

As part of this item, we would like to incorporate improvements that will:

- Shorten the load time

- Prevent browser crashes and cases where a large table degrades the overall page/dashboard performance",Port portal,Planned,6,2,planned,Catalog Tables,2026-03-18T09:34:39.461Z,https://roadmap.port.io/ideas/p/entities-table-performance-improvements,2026-07-29T10:57:04.189858+00:00,entities-table-performance-improvements,False,1
6759a71799b32f7ce302aef7,Kind ownership,"Currently, the GitHub integration can't be set up with multiple instances, which means that only one instance is owning all entities. 

This becomes problematic when you want to have two kinds populate the same entities. The reason for that, is the query field can result in an entity being deleted from the ""enriching kind"" rather than the ""owning kind"".

Suggestion: Add to entities created by the GitHub app a new type of ownership, based on the mapping kind. This will allow only specific kinds to delete entities from the catalog, while allowing other kinds to safely ""enrich"" the entities.",Port portal,In progress,6,2,in progress,Data sources,2024-12-11T14:52:07.145Z,https://roadmap.port.io/ideas/p/kind-ownership,2026-07-29T10:57:16.527727+00:00,kind-ownership,False,0
692c3d3faadc67e83b9e014c,ServiceNOW DORA metrics,Implement integration level metrics for MTTR and Change Failure Rate.,Port portal,In progress,6,1,exploring,Integrations,2025-11-30T12:49:03.464Z,https://roadmap.port.io/ideas/p/servicenow-dora-metrics,2026-07-29T10:57:41.187766+00:00,servicenow-dora-metrics,False,0
6a206c5f516b94d1532bef24,Add real-time pre-execution status and progress visibility for self-service actions,"Users see no feedback while jobs are waiting to start (e.g. due to GitHub API rate limits causing 8–15+ min delays). There is no indication of whether the action is queued, rate-limited, or encountered an error during startup.

Requested behavior:

> Surface early startup/progress states (e.g. ""queued,"" ""delayed,"" ""rate-limited"") before the workflow produces logs

> Show meaningful errors if the job fails to start

> Apply across all self-service action types",Port portal,Open,6,0,open,Self-service actions,2026-06-03T18:03:11.223Z,https://roadmap.port.io/ideas/p/add-real-time-pre-execution-status-and-progress-visibility-for-self-service-acti,2026-07-29T10:58:35.430799+00:00,add-real-time-pre-execution-status-and-progress-visibility-for-self-service-acti,True,6
6a28d09693ba6573b6a4a68e,"Add ""Select All"" / ""Deselect All"" for Array-Type Entity Inputs in Self-Service Action Forms","Currently, there is no ""Select All"" or ""Deselect All"" option available for array-type entity inputs in self-service action forms, requiring users to manually select each item one by one — which becomes tedious and time-consuming when dealing with large lists. We'd like to request the addition of a ""Select All"" / ""Deselect All"" toggle or checkbox at the top of array-type entity input dropdowns, so users can bulk select or deselect all available items with a single click, significantly reducing friction and improving usability for anyone working with large arrays in self-service action forms.",Port portal,Open,6,0,open,Self-service actions,2026-06-10T02:48:54.481Z,https://roadmap.port.io/ideas/p/add-select-all-deselect-all-for-array-type-entity-inputs-in-self-service-action,2026-07-29T10:58:53.128143+00:00,add-select-all-deselect-all-for-array-type-entity-inputs-in-self-service-action,True,4
68de67828ad773d9baab31b1,It would be powerful to be able to run javascript or python code to extract form field values from external sources via API calls,Lack of ability to run scripts on Port JS/PS/python,Port portal,Open,6,2,open,Automations,2025-10-02T11:52:34.064Z,https://roadmap.port.io/ideas/p/it-would-be-powerful-to-be-able-to-run-javascript-or-python-code-to-extract-form,2026-07-29T10:59:51.791443+00:00,it-would-be-powerful-to-be-able-to-run-javascript-or-python-code-to-extract-form,True,1
66f2e05d64936aa378c31c74,Conditional Team Inheritance based on $team Value,"Currently, if team inheritance is enabled, setting $team through the UI or API is not allowed. It would be nice to enable 'Team inheritance' only if the $team value is not set explicitly during mapping.",Port portal,Open,6,0,open,RBAC & Ownership,2024-09-24T15:53:01.376Z,https://roadmap.port.io/ideas/p/conditional-team-inheritance-based-on-team-value,2026-07-29T11:00:21.629581+00:00,conditional-team-inheritance-based-on-team-value,True,0
697d2a94b7d019da22e8a296,Make “Owning teams” (ownership) configurable as a required field on blueprints,"Current behavior: Ownership is defined via the ownership property on a blueprint. It is optional, and even when configured as Direct or Inherited, the “Owning teams” field is not enforceable as required at entity creation time.

Requested change: Add the ability to configure the “Owning teams” (ownership) field as required per blueprint, so that when creating or registering an entity of that blueprint, the operation can be rejected if no owning team is set.

Why this is needed: To enforce clear ownership and accountability for every Service.",Port portal,Open,6,0,open,RBAC & Ownership,2026-01-30T22:03:00.963Z,https://roadmap.port.io/ideas/p/make-owning-teams-ownership-configurable-as-a-required-field-on-blueprints,2026-07-29T11:01:14.885939+00:00,make-owning-teams-ownership-configurable-as-a-required-field-on-blueprints,True,0
656c4a01ba5aabc9ac975d71,Actions audit log improvements,"In addition to the general action runs audit log, a specific audit log for each action will be added to the ""audit log"" page

Each action log will display as columns the general details of each run (ID, status, start, end) and also the specific inputs of the action inputted by the user who executed it.",Port portal,Open,6,1,open,Audit log,2023-12-03T09:27:29.247Z,https://roadmap.port.io/ideas/p/actions-audit-log-improvements,2026-07-29T11:14:09.025272+00:00,actions-audit-log-improvements,True,4
662c18c1879e6a4fff5ed742,Actions - Port Hosted Option & Lambda Invocation,"It would be awesome to see Port hosted actions at some point in the future. Whether you utilize an existing standard, such as GitHub Action's workflow syntax, or come up with your own, being able to not have to link out externally from port for smaller actions, or creating cron-type actions from Port would be awesome. Additionally, it would allow for Port to include their own marketplace for actions without relying on 3rd party integrations that may or may not exist for each tenant.

To this, another invocation type that would be awesome, would be directly integrating with Lambda and OpenFAAS. I know this is possible by using WebHooks to get there eventually, but skipping the additional step to be able to just run the Lambda would be awesome.

To tie these two together - If you integrate with OpenFAAS, you basically get an awesome integration for port-hosted openfaas or self-hosted.",Port portal,Open,6,0,open,Self-service actions,2024-04-26T21:12:33.394Z,https://roadmap.port.io/ideas/p/actions-port-hosted-option-lambda-invocation,2026-07-29T11:14:11.446613+00:00,actions-port-hosted-option-lambda-invocation,True,6
6776cc6eb98f2dbf25dd06e7,Self-service action user input types,"Is it possible to differentiate between the existing ""Text"" (which translates to a simple input field) and a more expansive ""Text area"" (which would translate to a text area input field)?

We have a few use cases where we were trying to avoid the overhead of formatted text/adding an extra click to interact with the markdown editor, and really just focused on a bit more visual space for both the input and display of plain, unformatted text. Consider the example of the description for a portal feedback item in the demo site - something like [this](https://demo.getport.io/portal_use_case_requestEntity?identifier=more-markdowns), where I was imagining that the description might render on multiple lines and/or two columns, instead of needing to hover to see the full text.",Port portal,Completed,6,4,complete,Self-service actions,2025-01-02T17:27:10.148Z,https://roadmap.port.io/ideas/p/self-service-action-user-input-types,2026-07-29T11:14:45.713770+00:00,self-service-action-user-input-types,True,4
6970abf0757ff2b799889f3e,Dynamic titles/labels in self-service action forms,"Allow self-service action input titles/labels (and standalone title/description blocks in forms) to be set dynamically based on .entity / .form data. This would let action builders display context-aware text (like including selected entity properties or previous input values) directly in the form labels and explanatory text, improving clarity for end users.",Port portal,Open,6,0,open,Self-service actions,2026-01-21T10:35:28.495Z,https://roadmap.port.io/ideas/p/dynamic-titles-labels-in-self-service-action-forms,2026-07-29T11:14:55.422093+00:00,dynamic-titles-labels-in-self-service-action-forms,True,4
67ff95a24f665abe872406a0,Title and description within action forms,"For long forms, I sometimes want to add a bit more context for upcoming inputs or add some visual separation between inputs on the same step. It would be great to be able to insert some text on its own in a form.",Port portal,Completed,6,6,complete,Self-service actions,2025-04-16T11:33:54.759Z,https://roadmap.port.io/ideas/p/title-and-description-within-action-forms,2026-07-29T11:15:07.836437+00:00,title-and-description-within-action-forms,True,4
687fa46eb2b52954223993ee,Support multi-line input for secrets input type,"Currently multi-line is only available for text inputs, but we would like it to be supported for secret inputs as well.",Port portal,Completed,6,4,complete,Self-service actions,2025-07-22T14:47:10.253Z,https://roadmap.port.io/ideas/p/support-multi-line-input-for-secrets-input-type,2026-07-29T11:15:25.494878+00:00,support-multi-line-input-for-secrets-input-type,True,1
69d7f5a35356befe54b0025c,MCP should enforce frontend-only input validations when executing SSAs,"Request to implement consistent guardrail enforcement when triggering self-service actions via the MCP, so that dataset filters and advanced input logic are respected regardless of the execution surface (UI or API/MCP).

Currently, the Port MCP bypasses frontend-only input validations (like dataset filters) when self service actions are triggered, allowing LLMs to select any value, which can violate intended permissions/guardrails.",Port portal,Open,6,0,open,Self-service actions,2026-04-09T18:53:23.708Z,https://roadmap.port.io/ideas/p/mcp-should-enforce-frontend-only-input-validations-when-executing-ssas,2026-07-29T11:15:55.665706+00:00,mcp-should-enforce-frontend-only-input-validations-when-executing-ssas,True,8
68b6a3e99886b13d94348272,Regex Validation for Title Key,"It would be very useful to support regex validation on the title key, similar to how regex validation can already be applied to string properties.

Reference: 

https://docs.port.io/build-your-software-catalog/customize-integrations/configure-data-model/setup-blueprint/properties/string/#validate-string",Port portal,Open,6,0,open,Data model,2025-09-02T07:59:37.554Z,https://roadmap.port.io/ideas/p/regex-validation-for-title-key,2026-07-29T11:15:58.526545+00:00,regex-validation-for-title-key,True,2
6508161951aa0709909e3647,Add conditionals based on bool input,"I want to be able based on bool input to populate other property or hide it/grey out. For example if input1 true create array to select from in input2 else hide input2

This way we can add logic based on input boolean and use one action to perform complex workflows",Port portal,Completed,6,2,complete,,2023-09-18T09:19:21.494Z,https://roadmap.port.io/ideas/p/add-conditionals-based-on-bool-input,2026-07-29T11:16:08.645004+00:00,add-conditionals-based-on-bool-input,True,4
660d4069156ca7bcee9b5457,Running JQ manipulation on dynamic filters,"Currently you can't  run JQ manipulation on dynamic filters. If we could, we could connect to entities using jq filtering (like getting name from email)",Port portal,Open,6,1,open,Dashboards & widgets,2024-04-03T11:41:29.043Z,https://roadmap.port.io/ideas/p/running-jq-manipulation-on-dynamic-filters,2026-07-29T11:16:41.223759+00:00,running-jq-manipulation-on-dynamic-filters,False,1
66faee7195519bf939d9fd2d,Enable Selection of Specific Events for Webhook Testing,"Currently, when a webhook integration is created and events are passed to Port, there's no option to choose the event type when clicking ""load latest event."" We need the ability to select specific events, especially when a single webhook handles multiple event types (e.g., 2 to 3 different events).",Port portal,Open,6,2,open,Data sources,2024-09-30T18:31:13.948Z,https://roadmap.port.io/ideas/p/enable-selection-of-specific-events-for-webhook-testing,2026-07-29T11:17:30.292297+00:00,enable-selection-of-specific-events-for-webhook-testing,False,1
64f9b9a2b9071e097d98d1c7,Configure action permissions using Port's pulumi provider,At the moment we are not able to configure an action's permissions using the pulumi provider. An update needs to be made to support this,Port portal,Open,6,0,open,Self-service actions,2023-09-07T11:53:06.476Z,https://roadmap.port.io/ideas/p/configure-action-permissions-using-ports-pulumi-provider,2026-07-29T11:18:36.127321+00:00,configure-action-permissions-using-ports-pulumi-provider,True,2
68a52b17d901352a36334062,Retry logic for automation runs,It would be helpful to have the option for Automations to automatically handle errors and retry runs whenever the initial execution fails due to backend issues. This would improve reliability and reduce the need for manual intervention in transient failure scenarios.,Port portal,Open,5,0,open,Automations,2025-08-20T01:55:35.542Z,https://roadmap.port.io/ideas/p/retry-logic-for-automation-runs,2026-07-29T10:59:54.234879+00:00,retry-logic-for-automation-runs,True,4
65c2596f33b5159cfc5af44c,Terraform Provider | Users roles resource,,Port portal,Open,5,0,open,RBAC & Ownership,2024-02-06T16:08:15.878Z,https://roadmap.port.io/ideas/p/terraform-provider-users-roles-resource,2026-07-29T11:00:56.620883+00:00,terraform-provider-users-roles-resource,True,1
68f64cb7d2693237fd1b30d3,Historical Reporting for Deleted Entities,"Port currently only displays entities that exist in the catalog. Users need the ability to generate historical reports that include deleted entities, particularly for:

Tracking entity counts over time (including deleted entities)

Visualizing entity duration/lifetime after deletion

Analyzing trends for entities with timer properties that expire automatically

Current Gap: Line charts and dashboards only reflect current entities; deleted entities are only available in the audit log (limited to 1,000 records) with no visualization capabilities.

Requested Solution: Enable historical reporting and visualization features that persist data beyond entity deletion, allowing comprehensive analytics across the full lifecycle of entities.",Port portal,Open,5,0,open,Audit log,2025-10-20T14:52:39.552Z,https://roadmap.port.io/ideas/p/historical-reporting-for-deleted-entities,2026-07-29T11:01:58.166553+00:00,historical-reporting-for-deleted-entities,True,0
67307a74d292b32d23d20648,Have back button in catalog entity view take you back to the catalog,"When using the catalog page to view an entity, the back button takes you back to the last page in your browser window history, and not back to the entity catalog.

This means that if you open an entity in a new tab it won't do anything, and if you paste the entity link in an existing tab it would take you back to the previous page you were on (that might be unrelated to Port).

It would be nice if the back button would take you back to the catalog.

Attaching a video demonstrating the current behavior.",Port portal,Open,5,0,open,Catalog Tables,2024-11-10T09:18:44.803Z,https://roadmap.port.io/ideas/p/have-back-button-in-catalog-entity-view-take-you-back-to-the-catalog,2026-07-29T11:13:54.482113+00:00,have-back-button-in-catalog-entity-view-take-you-back-to-the-catalog,False,0
67cde8014e108cfcbdabd510,"GitHub integration - Use GitHubs search for campaigns on Gradle, HCL files, and more","The ability to grep on git repo files via regex, so we can do campaigns on Java, sb3.x, terraform as they are files present in the repo. Today it's possible mostly using bringing the whole file and having a calculation property / using a script of your own.",Port portal,Open,5,3,open,Integrations,2025-03-09T19:12:01.110Z,https://roadmap.port.io/ideas/p/github-integration-use-githubs-search-for-campaigns-on-gradle-hcl-files-and-more,2026-07-29T11:16:51.685148+00:00,github-integration-use-githubs-search-for-campaigns-on-gradle-hcl-files-and-more,True,2
68a854381572a8c5cd972d1d,Improve Webhook Data Source Card Blueprint Display,"Currently, webhook data source cards display all blueprints that have ever been successfully ingested through them. Even after the mappings for certain blueprints are removed, those blueprints continue to appear in the data source card. This can cause confusion and unnecessary clutter, as the card no longer reflects the active mappings.

It would be much more helpful if the card displayed only the currently mapped blueprints, ensuring that the information remains up to date, and relevant.",Port portal,Open,5,1,open,Data model,2025-08-22T11:27:52.157Z,https://roadmap.port.io/ideas/p/improve-webhook-data-source-card-blueprint-display,2026-07-29T11:17:32.911315+00:00,improve-webhook-data-source-card-blueprint-display,True,2
697b9fddcfbf975300198439,Expose Approver Context in Runs,"Currently, SSA execution context only includes the run creator, not the actual approver. There’s no way to display the approver’s name or email in entity today. This would be a nice improvement to add",Port portal,Open,5,0,open,Self-service actions,2026-01-29T17:58:53.663Z,https://roadmap.port.io/ideas/p/expose-approver-context-in-runs,2026-07-29T11:19:25.355951+00:00,expose-approver-context-in-runs,True,2
6489ffa40370ff090a8af507,Show logs when hovering on an action in the side menu,"Right now when you trigger a self-service action, a menu appears on the right hand side of Port. By hovering over the running action icon, you can see some information about the action such as the title, related entity and trigger time.

It would be very convenient to also include a tail of the latest logs of the action as it is running in that hover. The hover view is rather small so it would probably be best to limit it to 10 log lines to avoid clutter.",Port portal,Open,5,0,open,Self-service actions,2023-06-14T17:57:56.700Z,https://roadmap.port.io/ideas/p/show-logs-when-hovering-on-an-action-in-the-side-menu,2026-07-29T11:20:19.808763+00:00,show-logs-when-hovering-on-an-action-in-the-side-menu,True,5
68fb13d31fe08c9a8443f746,Allow use of external Claude managed agents,Ability to add CDN embed code to reference external AI Agent that I built using a tool such as n8n. See: https://www.npmjs.com/package/@n8n/chat.,Port portal,In progress,4,4,in progress,AI agents,2025-10-24T05:51:15.111Z,https://roadmap.port.io/ideas/p/allow-use-of-external-claude-managed-agents,2026-07-29T10:56:24.569532+00:00,allow-use-of-external-claude-managed-agents,False,0
6a5fbd5942cf04e5383526bb,"""Finally"" or ""catch-all"" failure branch in Workflows","Request for a top-level `onWorkflowFailure` handler, or a reserved `finally` branch on workflow definitions.

Today, there's no way to reliably trigger a notification (Slack, PagerDuty, etc.) when a workflow fails without compromising the workflow's final status. The current options available are:

onFailure: terminate — correctly marks the workflow FAILED, but downstream notification nodes never run.

onFailure: continue — notification nodes run, but the overall workflow is marked SUCCESS despite the upstream failure.

Impact: Can't easily implement basic alerting without misrepresenting operational health.",Port portal,In progress,4,1,exploring,Workflows,2026-07-21T18:41:29.694Z,https://roadmap.port.io/ideas/p/finally-or-catch-all-failure-branch-in-workflows,2026-07-29T10:57:06.637613+00:00,finally-or-catch-all-failure-branch-in-workflows,True,2
6943427596a1ed2e9f41c9a8,Tenable Cloud Integration,"Per title, integrate with Tenable Cloud",Port portal,Planned,4,1,planned,Integrations,2025-12-17T23:53:25.673Z,https://roadmap.port.io/ideas/p/tenable-cloud-integration,2026-07-29T10:58:13.397828+00:00,tenable-cloud-integration,False,0
6a61eb457560de5c7714679f,HashiCorp Vault for Secrets Management in Port Actions/Workflows,"When triggering webhooks or direct orchestrator calls from Port Self-Service Actions or Workflows, Port currently requires secrets (API keys, tokens) to be stored within Port itself. For organizations with strict infosec policies — where all secrets must reside exclusively in HashiCorp Vault — this is a blocker.

The workaround today is to route through a CI system (GitHub Actions, Jenkins, etc.) that handles the Vault key exchange, but this introduces an unwanted dependency for teams using a direct orchestrator pattern where the orchestrator feeds execution feedback back into Port.

Requested Capability:

Native support for HashiCorp Vault as a secrets backend for Port Actions/Workflows — allowing Port to resolve secrets at runtime from Vault rather than storing them locally.

Use Case:

Customer: Sophos (via Nuno Pinto)

Trigger: Self-Service Action → direct webhook/orchestrator call requiring authenticated API keys

Constraint: Infosec policy mandates all secrets stored in HashiCorp Vault only

Current gap: No native Vault secrets resolution; CI workaround not viable for their direct-trigger architecture",Port portal,Open,4,0,open,Self-service actions,2026-07-23T10:21:57.248Z,https://roadmap.port.io/ideas/p/hashicorp-vault-for-secrets-management-in-port-actions-workflows,2026-07-29T10:58:45.441276+00:00,hashicorp-vault-for-secrets-management-in-port-actions-workflows,True,8
67b20c2e5a5587585abe688c,Self-Service Actions to automatically tie affected entities to an action run,"Currently it's only possible tying entities to an action run by manually sending an API request to  the entities with the `run_id` - https://docs.port.io/actions-and-automations/reflect-action-progress/#tying-entities-to-an-action-run

I'm thinking this should be automated when invoking a self service actions - User clicks on an action --> port system gets the entities affected and encodes them with an action runner run_id - instead of the back and forth in our backend of retrieving both the entities and the action run ourselves and patching them.",Port portal,Open,4,0,open,Self-service actions,2025-02-16T16:02:54.525Z,https://roadmap.port.io/ideas/p/self-service-actions-to-automatically-tie-affected-entities-to-an-action-run,2026-07-29T10:58:48.253546+00:00,self-service-actions-to-automatically-tie-affected-entities-to-an-action-run,True,6
670fd226ff2831f9768b8724,True Change Detection for Self-service Actions like Data Sources has,"When you open the edit dialog for a self-service action and close it, it will ask you if you want to continue editing or discard changes whether you made changes or not, this can be confusing because if you had it open for a little while and are actively building it out, you might forget whether you did make changes or not, of course you can simply always save, but it would be nice if a true diff check was made to see if a change is actually present and if not it would simply exit the dialog without asking for confirming about changes that do not exist.

Data Sources dialogs already do this, when you edit them you can close without being prompted for confirmation if you made no changes.",Port portal,Open,4,0,open,Self-service actions,2024-10-16T14:48:06.656Z,https://roadmap.port.io/ideas/p/true-change-detection-for-self-service-actions-like-data-sources-has,2026-07-29T10:58:50.704513+00:00,true-change-detection-for-self-service-actions-like-data-sources-has,True,4
6a211ea7d47059032854eafd,Approver ↔ Requester communication thread on action runs,"When a self-service action is in `WAITING_FOR_APPROVAL` status, both the approver and the requester should be able to exchange messages/comments directly within the action run context in Port. This would eliminate the need for out-of-band communication (e.g., Slack DMs) and keep all context in one place. It would also reduce the friction of having to decline → resubmit cycles just to clarify inputs.",Port portal,Open,4,0,open,Self-service actions,2026-06-04T06:43:51.482Z,https://roadmap.port.io/ideas/p/approver-requester-communication-thread-on-action-runs,2026-07-29T10:58:57.982550+00:00,approver-requester-communication-thread-on-action-runs,True,6
66dad68c5c2fac7ded045460,Deny action in permissions configuration,"At now If Administrator wants to add possibility to edit only one field then user/role has to be removed from entities.update roles/users path and this user/role has to be added to particular property under updateProperties path.

If Administrator wants to prohibit edit only one properties from set of 10 or more properties then configuration is a little complex.

The deny action can help and then Administrator can add deny action only to property that user should not be able to edit - e.g $identifier",Port portal,Open,4,0,open,RBAC & Ownership,2024-09-06T10:16:44.298Z,https://roadmap.port.io/ideas/p/deny-action-in-permissions-configuration,2026-07-29T11:00:41.570718+00:00,deny-action-in-permissions-configuration,True,2
6967774a6dfee8ee8e4ce896,RBAC for Port Usage Dashboard,"Current behavior

The Usage Dashboard is automatically visible to all Org Admins in Pro & Enterprise orgs. [Usage dashboard announcement]

This access cannot be changed or restricted today; all Org Admins always see it.

Problem

Usage and billing‑related data is sensitive. Organizations want least‑privilege access and the ability to limit visibility to a small group (e.g., platform owners, FinOps, auditors), not all Org Admins. 

Requested change

Add RBAC controls for the Usage Dashboard

Configure who can view it by:

Roles

Specific users

Teams

This should be similar in spirit to existing page permissions (view/edit by roles/users/teams). 

Configurable default behavior

Keep current default (all Org Admins) for backward compatibility, but allow organizations to override it (e.g., restrict to selected roles/users/teams)

Impact

Better alignment with least‑privilege and compliance requirements.

Consistent RBAC story across Port (catalog pages, dashboards, and platform‑level features like Usage Dashboard).",Port portal,Open,4,0,open,RBAC & Ownership,2026-01-14T11:00:26.612Z,https://roadmap.port.io/ideas/p/rbac-for-port-usage-dashboard,2026-07-29T11:00:51.764773+00:00,rbac-for-port-usage-dashboard,True,3
69c8dc712c07035dee9433b5,Allow catalog page to have custom policy for viewing the page,"At this time, catalog pages only allow for static users and teams to have access (view) to the catalog page.

We want to be able to do something similar to self-service actions where we can set up a custom policy that looks at properties of a user.

A use case we are looking for is that we wanted some catalog pages to only be accessible to managers.

Managers are identified by a flag on the user blueprint.",Port portal,Open,4,0,open,RBAC & Ownership,2026-03-29T08:01:53.969Z,https://roadmap.port.io/ideas/p/allow-catalog-page-to-have-custom-policy-for-viewing-the-page,2026-07-29T11:01:01.492863+00:00,allow-catalog-page-to-have-custom-policy-for-viewing-the-page,True,3
69de783c96fa5683075c6f20,MyTeams filter should appear in all filter dropdowns,"The MyTeams option should appear in the filter value dropdown whenever the selected filter property resolves to a team, regardless of whether that property is:

- A native owning team property on the directly filtered entity

- A computed team property on the directly filtered entity

- An owning team property or relation on a related entity (i.e. filtering Entity A by Entity B's owning team)

This can currently be achieved using JSON mode filters, but not in the form view with MyTeams.",Port portal,Open,4,2,open,RBAC & Ownership,2026-04-14T17:24:12.819Z,https://roadmap.port.io/ideas/p/myteams-filter-should-appear-in-all-filter-dropdowns,2026-07-29T11:01:17.313494+00:00,myteams-filter-should-appear-in-all-filter-dropdowns,True,1
694a6d94a4ea4d2d8a8639cb,Audit log streaming to a data warehouse,"Support streaming audit logs to a customer-managed data warehouse bucket, enabling customers to monitor Port activity in near real time.",Port portal,Open,4,0,open,Audit log,2025-12-23T10:23:16.389Z,https://roadmap.port.io/ideas/p/audit-log-streaming-to-a-data-warehouse,2026-07-29T11:01:53.217495+00:00,audit-log-streaming-to-a-data-warehouse,True,1
67f4f44f1aac623580bb3589,Dynamic Self Service Action,"It would be great to have the ability to dynamically create multiple entities through a self-service action using a ""+"" button. For example, creating multiple CosmosDB containers. Currently, we have two self-service actions: one that creates a single CosmosDB container, and another that provisions multiple containers using a JSON list. However, the latter bypasses the regex validations that are applied in the single-container provisioning action.",Port portal,Open,4,0,open,Self-service actions,2025-04-08T10:02:55.773Z,https://roadmap.port.io/ideas/p/dynamic-self-service-action,2026-07-29T11:13:23.856774+00:00,dynamic-self-service-action,True,5
6760726f4a50f11189d6e973,Triggering a self-service action from somewhere other than the self-service page,"Now that a deep link to a specific self-service action is available, we have taken advantage to link directly to a self-service action. Specifically, we have made a similar portal feedback mechanism to the one offered in the demo site, and then added a hyperlink within the description of a given page like ""Have feedback about this page?"" which is hyperlinked to the ""Leave feedback about the portal"" Day 2 action. 

Unfortunately, this link takes the user to the Self-service page (albeit with the correct action modal opened to the form). Completing the form then leaves then on the Self-service page. Similar to how related self service actions are handled within an entity table or from an action card, it would be nice to have a way to trigger the display of the appropriate self-service action form as a modal over the page that the user is currently (perhaps with some opinionated/specially handled markdown syntax to designate creating a link to trigger the display of a specific self-service action?).",Port portal,Open,4,2,open,Self-service actions,2024-12-16T18:33:19.435Z,https://roadmap.port.io/ideas/p/triggering-a-self-service-action-from-somewhere-other-than-the-self-service-page,2026-07-29T11:13:44.016362+00:00,triggering-a-self-service-action-from-somewhere-other-than-the-self-service-page,True,5
649bdc0ecf7291098a1c28bf,Auto-generate action inputs from blueprint definition,"Right now if you want to create an action that includes as inputs the exact same properties that exist on a blueprint, that action has to be created and its inputs need to be configured manually.

But since it is quite common that action inputs closely resemble the blueprints they are defined on, it would save a lot of time and configuration to just create a new blueprint action with an “input copy” of the blueprint properties. The user will then have the option to customize the action inputs as he needs, but a lot of the initial work of replicating the blueprint properties as inputs again will be saved.",Port portal,Open,4,0,open,Self-service actions,2023-06-28T07:06:54.840Z,https://roadmap.port.io/ideas/p/auto-generate-action-inputs-from-blueprint-definition,2026-07-29T11:14:38.145387+00:00,auto-generate-action-inputs-from-blueprint-definition,True,2
69bd84cb8555c6d9dff37d2e,Support entity dropdown for all relation filter operators,"When filtering a catalog table by a relation, the entity selection dropdown is currently only available for the `has any of` operator. Since multiple operators are supported when filtering by a relation, the dropdown should be available across all of them for consistency.",Port portal,Open,4,1,open,Catalog Tables,2026-03-20T17:32:59.780Z,https://roadmap.port.io/ideas/p/support-entity-dropdown-for-all-relation-filter-operators,2026-07-29T11:15:23.060042+00:00,support-entity-dropdown-for-all-relation-filter-operators,False,0
66fab653f08e28ee955809ce,Dynamic Default in Actions,"Allow an input with the default keyword which is dependent on another one of the inputs to updated dynamically when the related input is.

E.g. if the first input is an entity selector and the second is name which has a default of `.entity.title` allow the name to be updated as the entity is

This is currently possible with the dataset keyword which will update when the related entity is updated so would like similar with the default keyword",Port portal,Open,4,0,open,Self-service actions,2024-09-30T14:31:47.153Z,https://roadmap.port.io/ideas/p/dynamic-default-in-actions,2026-07-29T11:15:40.236734+00:00,dynamic-default-in-actions,True,3
67c5b4848a1334bf39898f55,Hide Client secret value in UI,"When I go to ""credentials"" tab I see secrets values, it may be a critical point when I work  this and share my screen. I would be nice to hide the Client secret value by default (both Organization and Personal), make it blurred or something",Port portal,Completed,4,3,complete,Organization Management,2025-03-03T13:54:12.508Z,https://roadmap.port.io/ideas/p/hide-client-secret-value-in-ui,2026-07-29T11:15:42.795861+00:00,hide-client-secret-value-in-ui,False,0
678fa2d0541d91b91a772c41,Conditional self-service actions,"Using the online demo as an example, there is currently a self-service action named ""Add/Remove Service from Favorites"". In my head, the ability to make an action conditionally available (based on one of more properties of the selected entity) would allow ""Add Favorite"" as an action for services that were not yet a favorite for me - while ""Remove Favorite"" would only be available for services that were already my favorite (this same thought process could be applied to the existing actions ""Unlock Service"" and ""Lock Service""). 

Similarly (and maybe more compelling), an action like ""Deploy Service"" might only be available once certain criteria are met (an extension of sorts to the concept of scorecarding). Again referencing the demo service catalog, I could also see additional actions based on a distinguishing property like ""Language"" - maybe in our environment Python is managed distinctly different from React, and as such only certain actions would make sense in each context.

(There is also [this feature request](https://roadmap.getport.io/ideas/p/abilty-to-add-a-filter-so-only-certain-self-service-actions-appear-on-a-catalog) which also feels related...but not entirely overlapping.)",Port portal,Open,4,1,open,Self-service actions,2025-01-21T13:36:16.461Z,https://roadmap.port.io/ideas/p/conditional-self-service-actions,2026-07-29T11:16:13.562058+00:00,conditional-self-service-actions,True,3
67ff7c3fc33aac9a829e4a8d,Support Additional Characters in Entity Identifier Regex Pattern,"We are using a self-service action in our Developer Portal to submit feedback, which creates or updates an entity using a title-based identifier. We've encountered an issue where the entity creation fails if the title includes certain characters, such as apostrophes (e.g., “can’t”).

We understand that Port enforces a regex pattern for entity identifiers:

^[A-Za-z0-9@_.+: \ \/=-]+

We would like to request support for additional characters (e.g., apostrophes ') in entity identifiers. This would enable a more natural feedback experience for users who may enter standard punctuation in form fields.",Port portal,Open,4,1,open,Data model,2025-04-16T09:45:35.766Z,https://roadmap.port.io/ideas/p/support-additional-characters-in-entity-identifier-regex-pattern,2026-07-29T11:17:02.058887+00:00,support-additional-characters-in-entity-identifier-regex-pattern,True,4
686d29f00a9ee547d40f4afd,Improve webhook data source editor,"There are several improvements that could be made to this view. First, making the modal full screen would be a big step forward. Second, the test mapping feature seems broken or incomplete. It doesn’t properly evaluate filters, which causes errors on maps that would normally succeed. This happens because it runs JQ that should be skipped due to the filters. Additionally, more complex combinator search queries aren't evaluated in the test mapping view. 

Because of this, we often have to test by mapping a real entity and checking the audit log. When debugging failed maps in the audit log, we can’t see the original payload, only the mapping result is shown.

It would be really helpful if we could take any item from the audit log and load it into the test event window. Right now, we can only load the latest event, which means we have to guess what the broken state was, try to recreate it, and then quickly grab that latest event before anything else comes in.",Port portal,Open,4,0,open,Data sources,2025-07-08T14:23:44.941Z,https://roadmap.port.io/ideas/p/improve-webhook-data-source-editor,2026-07-29T11:17:35.375127+00:00,improve-webhook-data-source-editor,True,3
6915caf8c4c30db90d700b0b,Support secrets on webhook security configuration,"When using the Custom Integration: Webhook feature (https://docs.port.io/build-your-software-catalog/custom-integration/webhook/) we have the option of specifying a secret - i.e. for inbound request signature verification.

The ""secret"" value is directly input to the webhook settings screen.

When creating a webhook via IaC (e.g. `port_webhook` resource in Terraform), the secret is exposed in source code!

It would improve security if there was support for Port secrets here - i.e. the ""secret"" value references a secret, rather than having the raw secret value.",Port portal,Open,4,0,open,Product Security,2025-11-13T12:11:36.463Z,https://roadmap.port.io/ideas/p/support-secrets-on-webhook-security-configuration,2026-07-29T11:17:40.390232+00:00,support-secrets-on-webhook-security-configuration,True,3
65f03ef6cb7414bcffae7545,Create/update entity invocation type,"The new ""Create/update entity"" invocation type for self-service actions and automations will allow updating catalog entities as part of a self-service action form/automation execution

For example, creating a specific self-service form for updating the Service team and Tier directly in the catalog.",Port portal,Completed,4,2,complete,Self-service actions,2024-03-12T11:39:34.980Z,https://roadmap.port.io/ideas/p/create-update-entity-invocation-type,2026-07-29T11:17:55.552454+00:00,create-update-entity-invocation-type,True,7
68127ab6fd3a32236bbbbeba,GHA Invocation Error Improvements,"If any of the following are incorrect, then Port returns this error for Github Action invocation: ""Got 404 while addressing github api, repo or workflow not found""

org name, repo name, workflow file name, or branch name (if using the ""ref"" key)

If would be helpful if this error provided more detailed information so that you did not have to perform trial and error changes to narrow it down.

Additionally, in some other failure scenarios, similar error messages can get cut off in the UI and they have to be copied over to notepad to be read. It would be quicker if Port could display the full message.",Port portal,Open,4,0,open,Self-service actions,2025-04-30T19:32:06.727Z,https://roadmap.port.io/ideas/p/gha-invocation-error-improvements,2026-07-29T11:17:57.953777+00:00,gha-invocation-error-improvements,True,4
672249d560b0d661a82e3e32,Provide complete swagger for api invocation,"Currently https://api.getport.io/swagger provides Schemas only for the API Requests.

Schemas for API Responses are missing.

It would be very helpful for those integrating the Port API to have a complete swagger file so they can auto-generate client code (for example via https://swagger.io/tools/swagger-codegen/)",Port portal,Open,4,0,open,,2024-10-30T14:59:33.213Z,https://roadmap.port.io/ideas/p/provide-complete-swagger-for-api-invocation,2026-07-29T11:18:02.801453+00:00,provide-complete-swagger-for-api-invocation,False,1
652e8946856cd53595829199,Allow any selected entity's properties in the payload,"On the user form, we are able to send from a selection of filtered entities. The self-service engineer should be able to choose which entity properties or property are relevant to send to the self-service action.",Port portal,Completed,4,1,complete,,2023-10-17T13:16:54.429Z,https://roadmap.port.io/ideas/p/allow-any-selected-entitys-properties-in-the-payload,2026-07-29T11:18:05.255597+00:00,allow-any-selected-entitys-properties-in-the-payload,True,3
64b93341745be567b249a32f,Controlling the payload - Map current entity,"As an extension to https://roadmap.getport.io/ideas/p/self-service-actions-controlling-the-payload,

It would be nice to have access to the entity the action is invoked on, and use JQ to map properties from the entity to the payload.",Port portal,Open,4,1,open,Self-service actions,2023-07-20T13:14:41.339Z,https://roadmap.port.io/ideas/p/controlling-the-payload-map-current-entity-1,2026-07-29T11:18:08.096284+00:00,controlling-the-payload-map-current-entity-1,True,4
695fd7b5782c46b3dbb66644,Enable referencing previous automation outputs (shared run context) + increase payload limits for chained automations,"Chained automations that depend on outputs from earlier steps currently require passing the full accumulated payload forward, which makes the payload grow exponentially and hits the payload limit. 

- add a better context-passing mechanism so downstream automations can reuse variables from prior steps without embedding full outputs (e.g., references to prior step outputs, a shared execution context/lightweight variable store scoped) to the automation run, and/or the ability to selectively pass only specific fields. 

- Increasing the max payload size AND

- reusable upstream context without payload bloat.",Port portal,Open,4,0,open,Automations,2026-01-08T16:13:41.317Z,https://roadmap.port.io/ideas/p/enable-referencing-previous-automation-outputs-shared-run-context-increase-paylo,2026-07-29T11:18:10.711120+00:00,enable-referencing-previous-automation-outputs-shared-run-context-increase-paylo,True,3
650fdbfb9a7a750967822366,Dynamic permissions for self-service actions,"Ability to assign permissions according to the data model you defined for your organization.

How it will work:

When assigning permission (for example, to execute an action), the new capability will allow to query the catalog entities and create a permission condition based on the queries.

For example:

1. Allowing a developer to execute the ""Deploy"" action only if the developer is related to the same domain as the service

2. Allowing  a user to execute the ""Lock/unlock deployments"" action only if the user appears in the catalog as the ""team leader"" of that service

The first version will support assigning dynamic permission for executing an action, in the future we will add the support for editing entities.",Port portal,Completed,4,2,complete,RBAC & Ownership,2023-09-24T06:49:31.395Z,https://roadmap.port.io/ideas/p/dynamic-permissions-for-self-service-actions,2026-07-29T11:18:48.338210+00:00,dynamic-permissions-for-self-service-actions,True,5
6696f52ddaed01573b729714,Specify approval emails via dynamic permissions,"Currently it is possible to configure an action to dynamically determine whether a user has a right to approve. However when the action is approved, all possible approvers are sent an email even those who were not eligible to approve the action. Ideally there would be a way to use dynamic permissions to specify who approval emails are sent to.",Port portal,Closed,4,3,closed,Self-service actions,2024-07-16T22:33:17.315Z,https://roadmap.port.io/ideas/p/specify-approval-emails-via-dynamic-permissions,2026-07-29T11:18:53.360505+00:00,specify-approval-emails-via-dynamic-permissions,True,5
6524c821ec2dd97343235238,Manual approvals | Support requiring multiple approvals,,Port portal,Completed,4,1,complete,Self-service actions,2023-10-10T03:42:25.408Z,https://roadmap.port.io/ideas/p/manual-approvals-support-requiring-multiple-approvals,2026-07-29T11:19:05.906040+00:00,manual-approvals-support-requiring-multiple-approvals,True,1
66781226b894b19aca35a768,Cancel approval step when there are no approvers,"Currently, when there are no approvers as a result of dynamic approvers calculation, the action moves to “waiting for approval,” but the approval is not sent to anyone. 

Add an option to decide whether an empty approvers list means no approval is required or the action is blocked",Port portal,Open,4,1,open,Self-service actions,2024-06-23T12:16:38.723Z,https://roadmap.port.io/ideas/p/cancel-approval-step-when-there-are-no-approvers,2026-07-29T11:19:22.964251+00:00,cancel-approval-step-when-there-are-no-approvers,True,4
65d34b8e9dcc811d4a9300cf,Ability to action stream logs real-time,"Implement a functionality that streams logs to the user interface in real-time. This will enable users to monitor activities as they happen, without any delay. Currently, users must wait for an action to complete or a certain amount of data to be processed before logs can be viewed. This delay hinders real-time monitoring and troubleshooting.",Port portal,Open,4,1,open,Self-service actions,2024-02-19T12:37:34.130Z,https://roadmap.port.io/ideas/p/ability-to-action-stream-logs-real-time,2026-07-29T11:20:04.526146+00:00,ability-to-action-stream-logs-real-time,True,2
6a4d1db5cc2f4154cf79e3d2,MCP server usage logs,"the usage records of how the MCP is used:

- Total Tool API Calls (Daily)

- Calls per Active Client

- Unique Tools Used

- Most Used Tools

- What tools are accessed with what inputs / outputs

- - what types of blueprints and properties are being accessed

- - what skills are discovered through Port (or any other blueprint/catalog as needed).

- Active MCP Clients (Daily/Weekly)

- Total MCP Connections",Port portal,Open,4,0,open,AI agents,2026-07-07T15:39:33.779Z,https://roadmap.port.io/ideas/p/mcp-server-usage-logs,2026-07-29T11:20:14.478084+00:00,mcp-server-usage-logs,True,2
6912a0ff1465a5fbe7b1496c,Safe Execution for Concurrent Automation Runs,"Currently, automations that need to update or create multiple entities dynamically rely on the migration endpoint with filters, which can fail when concurrent runs overlap on the same blueprint.

A more reliable approach would be to enhance the UPSERT API to support dynamic, filter-based updates, allowing automations to update or create all entities that match a filter in a single atomic operation.",Port portal,Open,4,0,open,Automations,2025-11-11T02:35:43.021Z,https://roadmap.port.io/ideas/p/safe-execution-for-concurrent-automation-runs,2026-07-29T11:20:40.144720+00:00,safe-execution-for-concurrent-automation-runs,True,2
69e62509bf8b6dbf40b878c7,Support Service Account Credentials for Signing Port Execution Agent Messages,"Currently, the Port Execution Agent verifies incoming events by validating the X-Port-Signature header, which is signed using the organization-level Client Secret. This means that even when a service account is configured as the agent's credentials, the signature verification still relies on the org-level secret — not the service account credentials.

This creates a security concern for customers with strict internal security standards, who prefer to use service account credentials to limit blast radius in case of a credential leak, following the principle of least privilege.",Port portal,Open,4,0,open,Organization Management,2026-04-20T13:07:21.865Z,https://roadmap.port.io/ideas/p/support-service-account-credentials-for-signing-port-execution-agent-messages,2026-07-29T11:20:42.543084+00:00,support-service-account-credentials-for-signing-port-execution-agent-messages,False,1
6a4f588ed639d24023826725,Add live events to the integrations event log,,Port portal,In progress,3,1,in progress,Data sources,2026-07-09T08:15:10.386Z,https://roadmap.port.io/ideas/p/add-live-events-to-the-integrations-event-log,2026-07-29T10:56:12.059465+00:00,add-live-events-to-the-integrations-event-log,False,0
694122c9e3a0e204c6a92ecc,Data extraction configuration,"Currently:

Data extraction configuration such as selecting which kinds to extract and defining API level selectors is set in the mapping. This means that the first sync after installing the integration includes only the default kinds and no selectors. The extraction behavior changes only after a user updates the mapping.

Expected:

We would like to move all configuration related to the extraction phase from the mapping to the installation and settings pages. This would allow users to filter data and choose kinds from the API even during the initial installation. It would also improve discoverability of available kinds and filters. This change is also required for the new architecture of the upcoming mapping experience planned for Q1.",Port portal,In progress,3,1,exploring,Data sources,2025-12-16T09:13:45.952Z,https://roadmap.port.io/ideas/p/data-extraction-configuration,2026-07-29T10:56:46.849429+00:00,data-extraction-configuration,False,1
6837498890bd8f2627580951,Enhance `sendRawDataExamples` options for faster data source mapping,"For some kinds available in integration, the API responses can vary greatly depending on certain conditions. As a concrete example, in the github integration, the `branch` kind only contains properties like `.branch.commit.commit.author` when the branch is the default branch of a given repository, and in my mapping I set the query to `.branch.name == .repository.default_branch` to ensure I have access to that value.

What I'm currently finding is that the sendRawDataExamples option in integrations does not respect this query setting, so the ~5 examples retained from the api call might not even contain a valid api response (as in, one that passes the check in `query`). 

I have a few varied suggestions here:

- Allow `sendRawDataExamples` to respect the given query in a mapping.

- Allow `sendRawDataExamples` to have it's own query for stricter or looser example api responses.

- Allow independent resync of `sendRawDataExamples` separate from a resync of the data source.

Giving builders the ability to have stronger control over the examples defined in the data source view would significantly improve iteration time when dealing with complex mappings across multiple data sources.",Port portal,In progress,3,2,exploring,Data sources,2025-05-28T17:36:08.567Z,https://roadmap.port.io/ideas/p/enhance-sendrawdataexamples-options-for-faster-data-source-mapping,2026-07-29T10:57:01.759566+00:00,enhance-sendrawdataexamples-options-for-faster-data-source-mapping,False,0
67137ce7cd8120fbbbac44f0,Support AWS ElastiCache (not severless type),"There are two types of AWS ElastiCache: serverless and non-serverless.

We use a lot of non-serverless ElastiCache, and we need to integrate its resources.",Port portal,Planned,3,1,planned,Integrations,2024-10-19T09:33:27.070Z,https://roadmap.port.io/ideas/p/support-aws-elasticache-not-severless-type,2026-07-29T10:57:46.043225+00:00,support-aws-elasticache-not-severless-type,False,0
6a2a7d26bd2d82218bddf0be,Audit Log (Runs tab) — Add Approver field and filtering,"Description: Currently, the Runs tab in the audit log does not expose approver details as a filterable column. It would be very useful to:

Display the assigned approvers and who actually approved a run as columns in the Runs table

Allow filtering by approver directly in the UI, without needing to query the API (GET /v1/actions/runs/:run_id/approvers) for each run individually

This would improve traceability and auditing of approval workflows significantly.",Port portal,Open,3,0,open,Self-service actions,2026-06-11T09:17:26.678Z,https://roadmap.port.io/ideas/p/audit-log-runs-tab-add-approver-field-and-filtering,2026-07-29T10:58:37.843686+00:00,audit-log-runs-tab-add-approver-field-and-filtering,True,5
6a214383d4705903285ef4fe,Native Slack approve/reject actions for self-service workflow approvals,"Desired outcome

The Port Slack app should natively notify the designated approver and surface inline Approve and Reject action buttons directly within the Slack message — no redirect required. The approval request should include the relevant context (requester, action, parameters) so the approver can make an informed decision without leaving Slack.

Why this matters

For an IDP platform focused on developer experience, inline approval actions in Slack are table stakes. Requiring approvers to leave Slack and navigate to Port adds friction, slows down approval cycles, and reduces adoption of self-service workflows. This is a foundational expectation for any approvals feature.

Freshdesk

Displays approval requests in Slack with a structured list of pending items and inline action buttons to approve or reject without leaving the conversation.

Sawmills

An example from a small startup demonstrating that inline Slack action buttons are achievable even at an early stage — reinforcing that this is an expected baseline, not a complex feature.",Port portal,Open,3,0,open,Self-service actions,2026-06-04T09:21:07.753Z,https://roadmap.port.io/ideas/p/native-slack-approve-reject-actions-for-self-service-workflow-approvals,2026-07-29T10:59:05.280640+00:00,native-slack-approve-reject-actions-for-self-service-workflow-approvals,True,7
6a436ebbac313b453851834b,Ability to Rate Limit the number of workflow invocations,"During a bulk import of entities, a workflow that triggers on ENTITY_CREATED was accidentally triggered causing 1k+ invocations of the workflow and subsequent AI nodes, this was a costly incident and we would like the ability to circuit break workflows when they attempt to run a certain number, or at least be able to stagger them so that 1k invocations are not all triggered concurrently.",Port portal,Open,3,0,open,Workflows,2026-06-30T07:22:35.103Z,https://roadmap.port.io/ideas/p/ability-to-rate-limit-the-number-of-workflow-invocations,2026-07-29T10:59:07.702492+00:00,ability-to-rate-limit-the-number-of-workflow-invocations,True,3
6a292ceff00721fb0e2d24cc,Admin Override Toggle for Workflow Approvals,"Description: > Add an ""Admin Override"" toggle to the core approval settings for Self-Service Actions (SSA) and workflows.

Key Capability: > Allows Port Admins to intervene and instantly approve any pending request manually. When the override is used, it skips all remaining approvals in the sequence and immediately marks the workflow as approved.",Port portal,Open,3,1,open,Workflows,2026-06-10T09:22:55.921Z,https://roadmap.port.io/ideas/p/admin-override-toggle-for-workflow-approvals,2026-07-29T10:59:10.107994+00:00,admin-override-toggle-for-workflow-approvals,True,5
6a5e16ea14f1993daab8df59,Support team Ownership Field on POST /v1/workflows,"The team field is silently ignored when included in a POST /v1/workflows request body, making it impossible to assign team ownership to a workflow at creation time via the API. This is a confirmed feature gap, team is not currently a supported top-level field on the Workflows API, even though ownership can be set manually via the UI. 

Support the team field on POST /v1/workflows and PUT /v1/workflows/:id, consistent with how team works when upserting catalog entities.

Document the team field explicitly in the API reference.",Port portal,Open,3,0,open,Workflows,2026-07-20T12:39:06.597Z,https://roadmap.port.io/ideas/p/support-team-ownership-field-on-post-v1-workflows,2026-07-29T10:59:12.641316+00:00,support-team-ownership-field-on-post-v1-workflows,True,1
6a5fd5a33da3c9382571e53c,Expose GitHub Node Conclusion in Workflow JQ Context,"After a GitHub Actions node runs, downstream nodes cannot access its conclusion. While the workflow run API exposes result: FAILED on the node run object, the .outputs available to downstream JQ expressions only include workflowRunUrl and workflowRunId, not result, workflowStatus, or any error detail.

This creates a dead end: the information exists in Port's data model, but it's not reachable from within the workflow itself.

result, workflowStatus, and error should be surfaced in .outputs[""<node_id>""]",Port portal,Open,3,0,open,Workflows,2026-07-21T20:25:07.886Z,https://roadmap.port.io/ideas/p/expose-github-node-conclusion-in-workflow-jq-context,2026-07-29T10:59:15.100260+00:00,expose-github-node-conclusion-in-workflow-jq-context,True,5
6a62cdea0933efc13e70eab5,Sensitive output masking / redaction flag for workflow node variables,"When a workflow webhook node retrieves a dynamic credential (e.g., an OAuth access token) at runtime, the full response including the token is stored in variables.outputs and is permanently visible in the workflow run history UI for up to 90 days. There is currently no way to mark a variable as sensitive so that its value is redacted or masked in the run history display.

This is a security concern for any workflow that must fetch short-lived credentials dynamically, as Port Secrets (the recommended alternative) only support static, non-expiring values.",Port portal,Open,3,0,open,Workflows,2026-07-24T02:28:58.987Z,https://roadmap.port.io/ideas/p/sensitive-output-masking-redaction-flag-for-workflow-node-variables,2026-07-29T10:59:22.382119+00:00,sensitive-output-masking-redaction-flag-for-workflow-node-variables,True,3
699c78c2ebbb27ef14d76770,Add the ability to mark run as success/fail for create/update just like it is when using kafka topic,"We used Kafka for the backend until now.

There, a run is created in ""In Progress"" status and we mark it as success/fail according to the execution result.

I would like to have the same ability just with create/update invocation type.",Port portal,Open,3,0,open,Automations,2026-02-23T15:56:50.952Z,https://roadmap.port.io/ideas/p/add-the-ability-to-mark-run-as-success-fail-for-create-update-just-like-it-is-wh,2026-07-29T10:59:59.150587+00:00,add-the-ability-to-mark-run-as-success-fail-for-create-update-just-like-it-is-wh,True,3
69a7207e9505b9d5de41736b,Include stable action_id in GET Action Runs API,Exposing the stable action_id in the action runs response will ensure long-term data consistency and reliable analytics.,Port portal,Open,3,0,open,Automations,2026-03-03T17:55:10.562Z,https://roadmap.port.io/ideas/p/include-stable-action-id-in-get-action-runs-api,2026-07-29T11:00:08.876769+00:00,include-stable-action-id-in-get-action-runs-api,True,2
69d83042f465810c3a2b01fc,Terraform/Pulumi - Add workflow resource,"Add first-class `port_workflow` (or equivalent) resource to both the Terraform provider and the Pulumi package, so that `Workflows` can be defined, versioned, and managed as code, consistent with how Actions and Automations are handled today.

This is important for teams managing Port entirely through IaC (Terraform/Pulumi), as it removes the gap where workflows must be managed via the UI while everything else is code-managed.",Port portal,Open,3,0,open,Automations,2026-04-09T23:03:30.679Z,https://roadmap.port.io/ideas/p/terraform-pulumi-add-workflow-resource,2026-07-29T11:00:13.984339+00:00,terraform-pulumi-add-workflow-resource,True,5
68f8fbb8741fd60efd0e8d17,Dynamic Permission policies as Policies Entities,"The ability to reference a permission policy instead of rewriting - reusage for SSA , Blueprints and possibly automations",Port portal,Open,3,0,open,RBAC & Ownership,2025-10-22T15:43:52.192Z,https://roadmap.port.io/ideas/p/dynamic-permission-policies-as-policies-entities,2026-07-29T11:00:43.995325+00:00,dynamic-permission-policies-as-policies-entities,True,3
67adc340ed8cfaae72b680d0,Implementing RBAC for API Requests.,"Hello PORT Team,

We have a case where our component, Octopus, is accessed by PORT via an API.

Since this is an external request, we are required to implement RBAC (Role-Based Access Control), meaning that every request must generate a JWT.

Practically, what we need is to perform a request to obtain the JWT before each SSA action and then include it in the header of the action.",Port portal,Open,3,0,open,RBAC & Ownership,2025-02-13T10:02:40.020Z,https://roadmap.port.io/ideas/p/implementing-rbac-for-api-requests,2026-07-29T11:00:46.759883+00:00,implementing-rbac-for-api-requests,True,3
6a68eae5c3da61d5163bbf80,Page-level permission scoping for Admin users,"Today, Admins bypass page-level read restrictions unconditionally — they always see all pages in the sidebar regardless of the read permissions set via PATCH /v1/pages/:id/permissions. There's no way to restrict which pages an Admin can access through a more dynamic permission model.

The request is to support page-level permission scoping for Admin users, similar to how blueprint permissions can be configured more granularly — so Admins can be intentionally excluded from specific pages rather than having blanket access to all of them.",Port portal,Open,3,0,open,RBAC & Ownership,2026-07-28T17:46:13.804Z,https://roadmap.port.io/ideas/p/page-level-permission-scoping-for-admin-users,2026-07-29T11:00:49.308122+00:00,page-level-permission-scoping-for-admin-users,True,2
6826b40db0070616c963e9bf,To enable RBAC on SSA run pages,"Currently, a user can view the action run pages of actions that run on entities they are not permitted to access, or actions with entities as inputs, which they are not allowed to access. In the latter case, they can even view full details of the entity from the action run page. This violates the ownership defined on Port.

So, this feature request is to enable RBAC on action run pages.",Port portal,Open,3,0,open,RBAC & Ownership,2025-05-16T03:42:05.965Z,https://roadmap.port.io/ideas/p/to-enable-rbac-on-ssa-run-pages,2026-07-29T11:00:59.028981+00:00,to-enable-rbac-on-ssa-run-pages,True,5
69fcfb5f510034cca6d534c3,Allow ocean integrations to run with granular permissions,"Now Ocean integrations can run with service accounts, but they still require Admin role. We need the ability to scope the permissions for the ocean integration service account to read/register/update/delete only certain blueprints.",Port portal,Open,3,0,open,RBAC & Ownership,2026-05-07T20:51:43.511Z,https://roadmap.port.io/ideas/p/allow-ocean-integrations-to-run-with-granular-permissions,2026-07-29T11:01:03.921087+00:00,allow-ocean-integrations-to-run-with-granular-permissions,True,1
69dd23a2310e0adffae43546,Audit Log Support for Permission Changes via Terraform,"Currently, permission changes made through Terraform are not captured in the audit logs

The request is to add support for logging permission changes triggered via Terraform in the audit logs",Port portal,Open,3,0,open,RBAC & Ownership,2026-04-13T17:10:58.937Z,https://roadmap.port.io/ideas/p/audit-log-support-for-permission-changes-via-terraform,2026-07-29T11:01:06.320823+00:00,audit-log-support-for-permission-changes-via-terraform,True,4
69fcfc2d78f2a5775788b55d,Custom permissions to view/edit action runs,"We would like to be able to edit action runs with service accounts, without the need to make them Admins.",Port portal,Open,3,0,open,RBAC & Ownership,2026-05-07T20:55:09.812Z,https://roadmap.port.io/ideas/p/custom-permissions-to-view-edit-action-runs,2026-07-29T11:01:08.768539+00:00,custom-permissions-to-view-edit-action-runs,True,3
6a181600453998431fff58f5,Import RBAC from Datadog to Port,Datadog has a very robust and complex RBAC we are using to ensure that users only see what is relevant to them. We want to have Datadog continue to be the source of truth for this and import the RBAC to have Port users only be able to see the data they see in Datadog and nothing more.,Port portal,Open,3,0,open,RBAC & Ownership,2026-05-28T10:16:32.721Z,https://roadmap.port.io/ideas/p/import-rbac-from-datadog-to-port,2026-07-29T11:01:12.137688+00:00,import-rbac-from-datadog-to-port,True,1
64edffb2ab1b040a223eadd5,Order self-service action items in the blueprint,We would like to have an ability for ordering self-service action items coming from the blueprint.,Port portal,Open,3,2,open,Self-service actions,2023-08-29T14:24:50.725Z,https://roadmap.port.io/ideas/p/order-self-service-action-items-in-the-blueprint,2026-07-29T11:13:28.752431+00:00,order-self-service-action-items-in-the-blueprint,True,2
6700179a3e7d6b9933e460cd,Catalog pages as a widget,Option to create catalog pages as widget similar like recently used actions.The goal is to make it easier for users to navigate to new custom pages and improve the overall user experience.,Port portal,Open,3,5,open,Dashboards & widgets,2024-10-04T16:28:10.587Z,https://roadmap.port.io/ideas/p/catalog-pages-as-a-widget,2026-07-29T11:13:51.931054+00:00,catalog-pages-as-a-widget,True,2
6a0a9800ce6cec3311444ac7,Improve default Catalog properties,"Today by default when installing an integration we see 3 properties: title, created at, updated at. This requires the end user to spend time for every single integration to show/view the required properties. 

Integrations should come with a default best practice view to reduce this manual time",Port portal,Open,3,0,open,Data model,2026-05-18T04:39:28.970Z,https://roadmap.port.io/ideas/p/improve-default-catalog-properties,2026-07-29T11:13:56.913003+00:00,improve-default-catalog-properties,False,0
67e5118773bc7a1fd199885d,Action auto generated input based on previous inputs: option to disable from editing,"Here I am generating “resource_prefix” from the previous inputs of “.properties.project_id” and “.properties.env”:

        ""resource_prefix"": {

          ""icon"": ""DefaultProperty"",

          ""type"": ""string"",

          ""title"": ""Resource name prefix (auto-generated)"",

          ""description"": ""Resource prefix based on project and environment."",

          ""default"": {

            ""jqQuery"": "".form.project.properties.project_id + \""-\"" + .form.environment.properties.env""

          },

          ""dependsOn"": [

            ""project"",

            ""environment""

          ]

        },

This works very well. As for potential improvement I would like “resource_prefix” to be auto-generated from the previous inputs and NOT EDITABLE from the user form.",Port portal,Open,3,0,open,Data model,2025-03-27T08:51:19.516Z,https://roadmap.port.io/ideas/p/action-auto-generated-input-based-on-previous-inputs-option-to-disable-from-edit,2026-07-29T11:14:30.865409+00:00,action-auto-generated-input-based-on-previous-inputs-option-to-disable-from-edit,True,4
67bc9e20e167a610dfa628f4,Hyperlink in Action input titles,You can create hyperlinks in descriptions using the [text](link) syntax. It would be useful if you could do the same on Titles for action inputs instead of making users hover over the description.,Port portal,Open,3,0,open,Self-service actions,2025-02-24T16:28:16.966Z,https://roadmap.port.io/ideas/p/hyperlink-in-action-input-titles,2026-07-29T11:14:40.670684+00:00,hyperlink-in-action-input-titles,True,2
69d3359760115cf4136a1d87,Improve readability of action inputs in approval UI,"Action inputs currently appear as raw JSON in the Port UI.

The request is to enhance the Port UI to display action inputs in a similarly human-readable, structured format",Port portal,Open,3,0,open,Self-service actions,2026-04-06T04:24:55.699Z,https://roadmap.port.io/ideas/p/improve-readability-of-action-inputs-in-approval-ui,2026-07-29T11:14:43.119379+00:00,improve-readability-of-action-inputs-in-approval-ui,True,4
697bc2552c0e437d54520fb7,Support for enumLabels in self-service action inputs,"Feature: Support for enumLabels in self-service action inputs

Use Case: Ability to show user-friendly display labels while passing technical keys/values to the backend

Example:

""enum"": [""prod"", ""stg"", ""dev""],

""enumLabels"": {

  ""prod"": ""Production Environment"",

  ""stg"": ""Staging Environment"", 

  ""dev"": ""Development Environment""

}

Benefit: Improves UX by separating what users see from what the backend processes",Port portal,Open,3,0,open,Self-service actions,2026-01-29T20:25:57.028Z,https://roadmap.port.io/ideas/p/support-for-enumlabels-in-self-service-action-inputs,2026-07-29T11:14:50.531516+00:00,support-for-enumlabels-in-self-service-action-inputs,True,4
69f1052c6a8c8903012ea194,Ability to Hide the “Execute” Button in Self-Service Action Forms,"We’d like to request the ability to hide the Execute button in self-service action forms via a configuration parameter (e.g., `hideExecuteButton`). Currently, the button is always displayed, even for forms intended purely for informational or navigational purposes, which can confuse users and limits UI flexibility.",Port portal,Open,3,0,open,Self-service actions,2026-04-28T19:06:20.845Z,https://roadmap.port.io/ideas/p/ability-to-hide-the-execute-button-in-self-service-action-forms,2026-07-29T11:14:52.926181+00:00,ability-to-hide-the-execute-button-in-self-service-action-forms,True,3
67bb136c8e2de556c2957dad,Increase self-service action form size for survey-based actions,"When the self-service action is used as a survey, the current form size limits clarity and ease of response. Enlarging the form would provide a more spacious layout, making it easier for respondents to view and answer survey questions comfortably.",Port portal,Open,3,0,open,Self-service actions,2025-02-23T12:24:12.983Z,https://roadmap.port.io/ideas/p/increase-self-service-action-form-size-for-survey-based-actions,2026-07-29T11:15:02.861892+00:00,increase-self-service-action-form-size-for-survey-based-actions,True,4
6719fefb0331afd33c16a86f,Add direct link to entities in dropdown list items,"When users select entities from dropdown lists, they often need to navigate directly to that entity's detailed view. Currently, there's no quick way to do this from the dropdown itself, which can lead to extra steps and time spent searching for the entity.

We propose adding a direct link (e.g., a small arrow or text link) next to each dropdown list item, allowing users to quickly open the detailed view of the selected entity without leaving their current workflow. This functionality is based on the design shown in the attached prototype.",Port portal,Open,3,1,open,Catalog Tables,2024-10-24T08:02:03.392Z,https://roadmap.port.io/ideas/p/add-direct-link-to-entities-in-dropdown-list-items,2026-07-29T11:15:10.702567+00:00,add-direct-link-to-entities-in-dropdown-list-items,True,2
683029f2c731d60cda67dc7d,Default value enums not populating,If I create an enum with a default value (pic 1) then I expect the default value to be populated and visible in entity pages. However it's blank (pic 2). I've tried re-ingesting entities but there's no change.,Port portal,Closed,3,2,closed,Data model,2025-05-23T07:55:30.204Z,https://roadmap.port.io/ideas/p/default-value-enums-not-populating,2026-07-29T11:15:35.226085+00:00,default-value-enums-not-populating,False,0
6530c320bf9f35eea8c82626,Default value for timer property,Ability to define a calculation default value for timer property type based on the creation timestamp of the entity.  It would be nice for example assign a default value of now()+X hours,Port portal,Closed,3,1,closed,Data model,2023-10-19T05:48:16.368Z,https://roadmap.port.io/ideas/p/default-value-for-timer-property,2026-07-29T11:15:37.713151+00:00,default-value-for-timer-property,False,0
67a32141d252e4db823dea60,GitOps dry run - Support custom validations,"For the GitHub checks in the GitHub app for file kind, 

some scenarios are not being handled by Port API:

1) When the identifier is null, Port auto-generates an identifier with a UUID so no error is raised from Port API, even though we want to enforce it

2) When you want each field in the yaml to fit to a property in Port, 1:1, and use all the data of the file. That is when you want any typo in the yaml keys to raise an error

3) For a scenario where you want Port to make sure all the properties of the entity are mapped, and null for a property is not expected (instead of making fields required)",Port portal,Open,3,0,open,Integrations,2025-02-05T08:28:49.627Z,https://roadmap.port.io/ideas/p/gitops-dry-run-support-custom-validations,2026-07-29T11:15:53.227079+00:00,gitops-dry-run-support-custom-validations,False,1
68c1d18fa34b05cc8bf233c6,Support for Live Regex Validation in String Inputs,"Regex validation used to run live for string inputs, which was a much better experience than waiting until action execution. We’d like to have live validation back, or a setting to toggle it on/off.",Port portal,Open,3,0,open,Data model,2025-09-10T19:29:19.018Z,https://roadmap.port.io/ideas/p/support-for-live-regex-validation-in-string-inputs,2026-07-29T11:16:01.189752+00:00,support-for-live-regex-validation-in-string-inputs,True,5
689373dfd5c68831b44281cd,Test mapping - adding more validations,"Currently, the ""Test mapping"" in the data source mapping validates only JQ issues.

We would like to add more validation such as:

""Blueprint doesn't exist""

""Property doesn't  exist""

""Property is invalid"" (wrong type, wrong value for enum)

etc.",Port portal,Completed,3,3,complete,Data model,2025-08-06T15:25:19.314Z,https://roadmap.port.io/ideas/p/test-mapping-adding-more-validations,2026-07-29T11:16:03.668448+00:00,test-mapping-adding-more-validations,True,2
678ac8dde5b2728f84b8e992,UI Filtering with JQ on Object Fields,"It would be helpful to include some type of interface, perhaps JQ expression, for consumers to filter a catalog view based on a complex object JSON field. This is possible in creating new catalogs with filter expressions for Admins, but not for consumers who wish to filter by the object.

There are two scenarios below to help indicate benefit:

1. We have our CI/CD pipelines stored as objects that enable us to detect what types of things people are doing in their pipelines, using certain actions/tasks, using base workflows, etc. We pull out some of this into calculated fields. We need to search adhoc by some additional actions/tasks, and other than a developer manually going through all the pipelines (3000) in source control, they could easily query with jq the definitions and filter to pipelines using some of the feature they are thinking about making breaking contract changes too (many use cases on why you'd want to identify impact to pipelines).

2. Similar scenario with objects in the API space, where we can identify API specs (Stored as OpenAPI) using certain models, notation or constructs and filter it down.",Port portal,Open,3,0,open,Catalog Tables,2025-01-17T21:17:17.289Z,https://roadmap.port.io/ideas/p/ui-filtering-with-jq-on-object-fields,2026-07-29T11:16:48.903237+00:00,ui-filtering-with-jq-on-object-fields,True,5
692497df9b0d1dfda8e72424,regex support in search query rules / mapping relations,"The ability to use substring or regex matching inside Port’s search rules, especially when the target property is an array of strings (such as tags).

This could be via:

- a dedicated operator like containsSubstring / matches, or

- allowing regex patterns in value (e.g. ^service:{{serviceTitle}}).

{

  ""property"": ""tags"",

  ""operator"": ""matches"",      // or similar

  ""value"": "".*{{ .event.diff.after.title }}.*""

}",Port portal,Open,3,0,open,Navigation & global search,2025-11-24T17:37:35.277Z,https://roadmap.port.io/ideas/p/regex-support-in-search-query-rules-mapping-relations,2026-07-29T11:16:57.122628+00:00,regex-support-in-search-query-rules-mapping-relations,False,1
67ae96986cf677fdc79b6969,Action API viewable per action,The builder data sources has this really wonderful code view where you can see the blueprint API entirely with a working example. It would be really nice if you could go into a self service action and see a similar view.,Port portal,Open,3,0,open,Self-service actions,2025-02-14T01:04:24.126Z,https://roadmap.port.io/ideas/p/action-api-viewable-per-action,2026-07-29T11:17:04.473047+00:00,action-api-viewable-per-action,True,2
681cd1792e2a2f763a872a9d,Support team search on Ocean and Webhook integrations,Port's API support the mapping of direct ownership in the form of search query. This request is to implement support in the Ocean's framework and the generic Webhook integration.,Port portal,Open,3,0,open,Data sources,2025-05-08T15:44:57.581Z,https://roadmap.port.io/ideas/p/support-team-search-on-ocean-and-webhook-integrations,2026-07-29T11:17:42.824633+00:00,support-team-search-on-ocean-and-webhook-integrations,True,2
69fce3c7aa7919d7184f46f4,Ability to limit the LLM/AI invocations per user,"Right now the limit for AI invocations are organization based, we would need to be able to set consumption/invocation limits per user",Port portal,Open,3,0,open,AI agents,2026-05-07T19:11:03.097Z,https://roadmap.port.io/ideas/p/ability-to-limit-the-llm-ai-invocations-per-user,2026-07-29T11:17:50.650168+00:00,ability-to-limit-the-llm-ai-invocations-per-user,False,1
68c96ec59af77f48feee618f,Port AI Invocation API Supports Passing User Context,"When integrating with Port Agents via API, it would be helpful to be able to pass in the context of a request for a particular user. In general, there should be a mechanism to allow authorization as a particular user from a third party system to enable building custom integrations. Our use case is specifically related to SSO-based auth as well.",Port portal,Open,3,0,open,AI agents,2025-09-16T14:05:57.904Z,https://roadmap.port.io/ideas/p/port-ai-invocation-api-supports-passing-user-context,2026-07-29T11:18:00.353302+00:00,port-ai-invocation-api-supports-passing-user-context,False,1
66b14531ed4315cc0258b909,Allow toggle of conditions array in dynamic permission from OR to AND,"Currently each condition in a dynamic self service action permission is evaluated with an implicit OR between them.

So a policy can have two conditions and will allow execution if only one is met. You can force an AND by building a JQ expression and putting all the logic inside of a single condition, but this is rather complex and most customers won't know how to do this.

Having the ability to change the behavior from OR to AND as needed would make this a lot easier for customers.",Port portal,Open,3,0,open,Self-service actions,2024-08-05T21:33:37.523Z,https://roadmap.port.io/ideas/p/allow-toggle-of-conditions-array-in-dynamic-permission-from-or-to-and,2026-07-29T11:18:45.867619+00:00,allow-toggle-of-conditions-array-in-dynamic-permission-from-or-to-and,True,6
66718308988563c6da0bb9a9,Approvers list in the approve notification,"Currently, when triggering a self service action with manual approval required via webhook, the notification that is sent to the webhook is limited with data.

Having the list of users who can approve the action allows you to create a backend that acts upon the approval notifications that are sent out.",Port portal,Open,3,0,open,Self-service actions,2024-06-18T12:52:24.799Z,https://roadmap.port.io/ideas/p/approvers-list-in-the-approve-notification,2026-07-29T11:19:18.090980+00:00,approvers-list-in-the-approve-notification,True,7
67479928414b9cbfe00bf473,Display action list when hovering over action icon,"On catalog pages there is an action icon (lightning bolt) next to entities that lets you invoke actions directly from the table. Currently you have to click twice, once to open the list and once to select the action. It would be nice to remove a click by displaying the action list when hovering over the icon.",Port portal,Open,3,0,open,Catalog Tables,2024-11-27T22:11:52.919Z,https://roadmap.port.io/ideas/p/display-action-list-when-hovering-over-action-icon,2026-07-29T11:19:27.880326+00:00,display-action-list-when-hovering-over-action-icon,True,2
68fb8735235b71fd93744c18,Custom timestamps in action run logs,We want to change the system-generated timestamp that Port assigns to each log entry to a custom timestamp we manually specify in the action run log stream window.,Port portal,Open,3,0,open,Automations,2025-10-24T14:03:33.363Z,https://roadmap.port.io/ideas/p/custom-timestamps-in-action-run-logs,2026-07-29T11:19:54.385279+00:00,custom-timestamps-in-action-run-logs,True,3
64f4adb66cbacd09633abd68,Action runs | Automatic logs sending / from file,Instead of requiring a dedicated API call done by the user,Port portal,Open,3,1,open,Self-service actions,2023-09-03T16:00:54.016Z,https://roadmap.port.io/ideas/p/action-runs-automatic-logs-sending-from-file,2026-07-29T11:20:06.994821+00:00,action-runs-automatic-logs-sending-from-file,True,3
69c68407d76b1fe6b0cdd182,Provide OpenTelemetry metrics & logs,"As a platform engineer responsible for our Port infrastructure, I want to consume operational metrics and log data using an open format within my standard observability platform so that I can effectively measure self-service workflows, dashboard usage, event triggers, web hooks, data source sync jobs, and so on. Log data for sync jobs and system auditing should also be available via the same standard observability pipeline.",Port portal,Open,3,0,open,Integrations,2026-03-27T13:20:07.835Z,https://roadmap.port.io/ideas/p/provide-opentelemetry-metrics-logs,2026-07-29T11:20:17.402383+00:00,provide-opentelemetry-metrics-logs,True,5
697b5ddec17133b939a63970,Configurable Retry Status Codes for Integrations,"Summary: 

- Allow users to configure which HTTP status codes trigger automatic retries via spec.yaml, without modifying integration source code.

Background: 

- The Ocean framework's RetryConfig class already supports additional_retry_status_codes, but this is not exposed to users. All integrations that use custom retry codes (PagerDuty, Sentry, GitHub, etc.) have them hardcoded in the client code. 

- Default retryable status codes: 400, 401, 429, 502, 503, 504

Problem: 

- Different third-party APIs have varying reliability characteristics. Some APIs intermittently return 500 or other error codes that would benefit from retry logic. Users currently cannot configure this without forking and maintaining a custom version of the integration.

Proposed Solution: 

- Add an optional additionalRetryStatusCodes configuration to spec.yaml.

Benefits

- Users can adapt to their specific API behavior without code changes

- Fully backward compatible as an optional configuration

- Leverages existing RetryConfig infrastructure

Use Cases

- GitLab self-hosted instances returning intermittent 500 errors under load

- APIs behind flaky proxies returning frequent 502/503 errors

- Cloud provider APIs with known transient 500 error patterns

Related Code

- port_ocean/helpers/retry.py - RetryConfig class

- port_ocean/helpers/async_client.py - OceanAsyncClient

- integrations/pagerduty/clients/pagerduty.py (lines 31-38) - example hardcoded implementation",Port portal,Open,3,0,open,Data sources,2026-01-29T13:17:18.053Z,https://roadmap.port.io/ideas/p/configurable-retry-status-codes-for-integrations,2026-07-29T11:20:24.732510+00:00,configurable-retry-status-codes-for-integrations,True,2
65788dd234dcbc6adbd713bb,Port Execution Agent | Reflect gitlab pipeline URL,The Gitlab default payload config should reflect back a url to the pipeline for easy access like don't in the terraform payload config example,Port portal,Open,3,0,open,Integrations,2023-12-12T16:44:02.544Z,https://roadmap.port.io/ideas/p/port-execution-agent-reflect-gitlab-pipeline-url,2026-07-29T11:20:37.464416+00:00,port-execution-agent-reflect-gitlab-pipeline-url,True,2
6971456c9974c06421a7fd9e,IaC Maturity & Multi-Org,"Improve export/import reliability, environment promotion, and multi-org migration to prevent rollout delays and support enterprise adoption.

especially the native terraform tooling",Port portal,Open,3,0,open,Data model,2026-01-21T21:30:20.617Z,https://roadmap.port.io/ideas/p/iac-maturity-multi-org,2026-07-29T11:20:47.486108+00:00,iac-maturity-multi-org,False,1
6582ce708d54e728d31b780f,gitlab pipeline trigger action,"The list of statuses is currently a closed list containing only (Success and Failure) As we understand, the status field should reflect the Pipeline status, in this case the list should contain all Gitlab's possible pipeline statuses: (created, waiting_for_resource, preparing, pending, running, success, failed, canceled, skipped, manual, scheduled)",Port portal,Open,3,1,open,Self-service actions,2023-12-20T11:22:24.671Z,https://roadmap.port.io/ideas/p/gitlab-pipeline-trigger-action,2026-07-29T11:21:04.831657+00:00,gitlab-pipeline-trigger-action,True,2
69aea7465215d6801a4895da,Add support for AWS::RDS::DBCluster in AWS v3 integration,"Request to add first-class support for the AWS::RDS::DBCluster resource type to the AWS v3 integration so ElastiCache clusters can be ingested as their own kind and mapped into Port blueprints.

The feature should expose key ElastiCache cluster attributes so they can be mapped into a dedicated blueprint and used for catalog relationships and scorecards.",Port portal,Planned,2,1,planned,Integrations,2026-03-09T10:56:06.239Z,https://roadmap.port.io/ideas/p/add-support-for-aws-rds-dbcluster-in-aws-v3-integration,2026-07-29T10:56:14.474424+00:00,add-support-for-aws-rds-dbcluster-in-aws-v3-integration,False,0
6a4f5459edeedc4c95a9ee18,Delete entities per kind,"Today the deletion phase in resyncs is cross all kinds, which means that if one kind fails, deletion is aborted. this causes irrelevant entities in the Portal.

We'd like to change the deletion behavior in resync so each kind performs it's own deletion.",Port portal,In progress,2,1,in progress,Data sources,2026-07-09T07:57:13.547Z,https://roadmap.port.io/ideas/p/delete-entities-per-kind,2026-07-29T10:56:49.442739+00:00,delete-entities-per-kind,False,1
6a3c68a73959e847601ffa6f,Entity and user/team pickers should allow dynamic filters and defaults,"I've been trying to set self-service action input defaults on team, array, and string inputs based on properties of the current user or the action's triggering entity. I went through a lot of AI-suggested attempts, but nothing worked.

For instance, I have a self-service action that triggers a GitHub Actions workflow to create a git repo. There's an input to choose the team that should be added to the repo with admin privileges, but there's no way to default the team input to, say, the first team in the user's team list. I tried using `default` as shown below, but it doesn't do anything (I also tried `.user.teams[0].name`). It seems that `default` only supports a static string.

```

        ""github_admin_team"": {

          ""type"": ""string"",

          ""title"": ""GitHub Admin Team"",

          ""icon"": ""DefaultProperty"",

          ""format"": ""entity"",

          ""blueprint"": ""_team"",

          ""sort"": {

            ""property"": ""$title"",

            ""order"": ""ASC""

          },

          ""default"": {

            ""jqQuery"": "".user.teamIdentifiers[0]""

          }

        },

```

I have another workflow to manage users on a team. I spent several hours going back and forth with the AI model trying many different strategies, but none could give me a pre-filled input with the list of current users that I could edit with a user dropdown. I ended up creating an add/remove toggle, and showing a different input for each mode.

For removing users from a team, the best I could do was create an unpopulated input and let the operator pick from an unsorted list of every user in the org to build a removal list.

```

        ""user_remove"": {

          ""title"": ""Users to Remove"",

          ""description"": ""The users to remove from the team"",

          ""dependsOn"": [

            ""team"",

            ""action""

          ],

          ""visible"": {

            ""jqQuery"": "".form.team != null and .form.action == \""remove\""""

          },

          ""type"": ""array"",

          ""items"": {

            ""type"": ""string"",

            ""format"": ""user""

          }

        }

```",Port portal,Open,2,0,open,Self-service actions,2026-06-24T23:30:47.480Z,https://roadmap.port.io/ideas/p/entity-and-user-team-pickers-should-allow-dynamic-filters-and-defaults,2026-07-29T10:58:43.030073+00:00,entity-and-user-team-pickers-should-allow-dynamic-filters-and-defaults,True,8
6a1d45a5b06d5b62ae23dc43,Allow dynamic value for ActionButton Text,"Can we allow dynamic value using jqqyery for executeActionButtonText field, so that the button text can change based on previous selection.",Port portal,Open,2,0,open,Self-service actions,2026-06-01T08:41:09.221Z,https://roadmap.port.io/ideas/p/allow-dynamic-value-for-actionbutton-text,2026-07-29T10:58:55.579996+00:00,allow-dynamic-value-for-actionbutton-text,True,2
6a0f0765f1bb95af4396d0aa,Base64 encoding function within SSAs,"Add support for a dedicated native Base64 encoding function within SSAs.

If your backend uses Basic Auth, base64 encoding username:PAT (or :PAT) is the correct approach, and right now you have to do so outside of Port.",Port portal,Open,2,0,open,Self-service actions,2026-05-21T13:23:49.788Z,https://roadmap.port.io/ideas/p/base64-encoding-function-within-ssas,2026-07-29T10:59:00.379449+00:00,base64-encoding-function-within-ssas,True,1
6a3586ab940f0b4a269d450c,Enforce UI-Level Input Validations at the Backend/API Level for Self-Service Actions/Workflows,"Input-level dataset filters and required field validations in Self-Service Actions are currently UI-side only. Any execution path that bypasses the form UI, JSON mode, direct API calls, or Port's MCP, skips these validations entirely, allowing invalid or unauthorized inputs to be submitted. 

The desired behavior is for all execution paths to respect the same validation rules defined in the form UI, with meaningful error messages returned on violation. Current workarounds are insufficient for all cases:

Dynamic permissions: server-side enforcement, but requires manual policy configuration per action.

ownedByTeam: true on blueprint read permissions, restricts entity visibility at the catalog level, but does not cover all use cases.",Port portal,Open,2,0,open,Self-service actions,2026-06-19T18:12:59.471Z,https://roadmap.port.io/ideas/p/enforce-ui-level-input-validations-at-the-backend-api-level-for-self-service-act,2026-07-29T10:59:02.790649+00:00,enforce-ui-level-input-validations-at-the-backend-api-level-for-self-service-act,True,11
6a4b4a7e3395e568ba0e931f,Give Input node approvers a focused decision view instead of the full workflow graph,"When a user opens a run specifically to respond to a pending Input node, show a simplified, scoped view by default - just that node's description, form fields, and buttons - similar to the old Actions approval model. The full graph could still be available behind a ""view full workflow"" link for technical users/admins who want the context, but it shouldn't be the default landing experience for someone who just needs to approve or decline.

This would make Input nodes a viable replacement for Actions' requiredApproval in organizations that have non-technical approvers in the loop, which is a common case for access-governance and change-approval use cases.",Port portal,Open,2,0,open,Workflows,2026-07-06T06:26:06.386Z,https://roadmap.port.io/ideas/p/give-input-node-approvers-a-focused-decision-view-instead-of-the-full-workflow-g,2026-07-29T10:59:17.493045+00:00,give-input-node-approvers-a-focused-decision-view-instead-of-the-full-workflow-g,True,7
6a50eea591b05abba241121a,Improve Visibility of Run Status Changes in Audit Logs,"Currently, when a workflow or action run's status is updated (e.g., marked as failed or succeeded), it is not clearly visible who or what made that change, whether it was the integration, the Port actions backend, or a user manually patching the run.

Surface more visibly in the run page and/or audit logs what entity (user, integration, or system) last changed the run status, including the specific action taken.

Consider adding audit log entries for run status changes, including the actor (user identity or integration user-agent) and the type of change made.",Port portal,Open,2,0,open,Workflows,2026-07-10T13:07:49.430Z,https://roadmap.port.io/ideas/p/improve-visibility-of-run-status-changes-in-audit-logs,2026-07-29T10:59:19.926192+00:00,improve-visibility-of-run-status-changes-in-audit-logs,True,6
6a0afd1159c18d657028cd5c,Disable workflow execute button while execution is in progress,"Currently, when a workflow is triggered, the execute button remains enabled. If the workflow takes time to start, users can click the button multiple times, unintentionally triggering duplicate executions.

The execute button should be disabled (greyed out) immediately after the first click and remain disabled until the workflow reaches a terminal state (SUCCESS, FAILURE, or DECLINED), preventing accidental multiple executions.

Users may unknowingly trigger the same workflow several times in quick succession, leading to duplicate runs and unexpected results.",Port portal,Open,2,0,open,Workflows,2026-05-18T11:50:41.898Z,https://roadmap.port.io/ideas/p/disable-workflow-execute-button-while-execution-is-in-progress,2026-07-29T10:59:24.787822+00:00,disable-workflow-execute-button-while-execution-is-in-progress,True,3
6a5979a17cd0080dd647c575,Event trigger for ALL self-service actions,"I want to be able to trigger an automation or workflow for any self-service action. Currently you can trigger an automation for a self-service action, but it's tied to a specific action rather than ALL actions.",Port portal,Open,2,0,open,Automations,2026-07-17T00:38:57.102Z,https://roadmap.port.io/ideas/p/event-trigger-for-all-self-service-actions,2026-07-29T10:59:46.812027+00:00,event-trigger-for-all-self-service-actions,True,6
68f8e6c4600c5095c076abc7,https://status.port.io/ incidents automaticically set org announcement banner,"I'm using Port's newly released announcement capability to manually notify users of Port's ongoing incident. It would be nice to optionally be able have these announcements automatically set/removed during an incident.

https://status.port.io/",Port portal,Open,2,0,open,Automations,2025-10-22T14:14:28.312Z,https://roadmap.port.io/ideas/p/https-statusportio-incidents-automaticically-set-org-announcement-banner,2026-07-29T10:59:49.348572+00:00,https-statusportio-incidents-automaticically-set-org-announcement-banner,True,0
699da93f7e35df0d59976c69,Dynamic approvers test JQ,"Adding a test JQ window in dynamic approvers window, just like in the automation trigger window.

This will allow a user to test the conditions and get a list of approvers (users) to improve visibility and reduce mystery around dynamic approvers list behavior.",Port portal,Open,2,0,open,Automations,2026-02-24T13:35:59.943Z,https://roadmap.port.io/ideas/p/dynamic-approvers-test-jq,2026-07-29T11:00:03.950365+00:00,dynamic-approvers-test-jq,True,4
697141709b01af0c80a5efd1,Multi-Step Action Visibility,"Current State

- Complex actions run as a single opaque execution. - Limited visibility into intermediate progress or where

failures occur.

Requested Capability

- GitHub Actions–style granular step visibility for complex workflows. - Example step breakdown:

terraform plan → terraform apply → tests → validation . - Real-time status updates and step-

level logs.

Customer Context

- Connor requested “visibility into multi-step action progress.” - Port mentioned a “CI/CD visualization”

feature is on the roadmap.

Business Impact

- Faster debugging and incident response. - Higher trust in automation and improved reliability perception.",Port portal,Open,2,0,open,Automations,2026-01-21T21:13:20.466Z,https://roadmap.port.io/ideas/p/multi-step-action-visibility,2026-07-29T11:00:11.317022+00:00,multi-step-action-visibility,True,9
668387c9b72e5d2f6bdb59e3,Create a page to view the history of permissions granted to the user,"From a security perspective, it is necessary to be able to store and retrieve the history of permissions granted to users.

This ticket suggests creating a page in tools like Audit Log or Mixpanel where we can see the history of a user's permission changes.",Port portal,Open,2,0,open,RBAC & Ownership,2024-07-02T04:53:29.522Z,https://roadmap.port.io/ideas/p/create-a-page-to-view-the-history-of-permissions-granted-to-the-user,2026-07-29T11:00:36.691074+00:00,create-a-page-to-view-the-history-of-permissions-granted-to-the-user,True,1
6714c78145252ac617ed7510,Default port team with all users,"In cases where an admin needs to perform actions for all users in Port, such as sending announcements, having a team that includes everyone would be incredibly useful. However, creating this manually means that each time a new user signs up, the admin would need to add them manually. To streamline this process, it would be necessary to have a default team that automatically contains all users.",Port portal,Open,2,1,open,RBAC & Ownership,2024-10-20T09:04:01.090Z,https://roadmap.port.io/ideas/p/default-port-team-with-all-users,2026-07-29T11:00:39.101985+00:00,default-port-team-with-all-users,True,3
66cf1d13222e72ba0a6a3449,Retrieve via API ownership information for a user,"Currently the ""Get a user"" API endpoint (https://docs.getport.io/api-reference/get-a-user)  only returns basic information about a user (see the image below taken from a live demo environment). It would be good to have an ability to also retrieve ownership data. This could be useful to automate users management depending upon whether they are mentioned somewhere in entities or not.",Port portal,Open,2,0,open,RBAC & Ownership,2024-08-28T12:50:27.597Z,https://roadmap.port.io/ideas/p/retrieve-via-api-ownership-information-for-a-user,2026-07-29T11:00:54.199449+00:00,retrieve-via-api-ownership-information-for-a-user,True,1
697a4fc771aad86079ed6ec7,Register Permission Should Allow Populating Properties for Member users,Users with entity register permission should be able to fill all blueprint fields during creation without requiring additional updateProperties permissions.,Port portal,Open,2,0,open,RBAC & Ownership,2026-01-28T18:04:55.199Z,https://roadmap.port.io/ideas/p/register-permission-should-allow-populating-properties-for-member-users,2026-07-29T11:01:19.735029+00:00,register-permission-should-allow-populating-properties-for-member-users,True,1
69960f60aac09c7ab5f383b1,Audit log for individual fields,Often I want to see when and by what a specific field was changed on an entity. The problem is we have some entities with hundreds or thousands of edits in the log. Tracking down the specific edit that changed that field last can be difficult. It would be really nice to see a breakdown of each of the edits to the entity that involved that specific field.,Port portal,Open,2,0,open,Audit log,2026-02-18T19:13:36.163Z,https://roadmap.port.io/ideas/p/audit-log-for-individual-fields,2026-07-29T11:01:45.937771+00:00,audit-log-for-individual-fields,True,0
697a6d812b05462f8a614382,Show triggering user in audit logs for entities created via self-service actions,"Problem

When a self-service action creates another entity, the audit log shows the entity as being created by Port automation. While the action run itself contains the triggering user’s information, that context is not surfaced in the audit log.

This makes it difficult to:

- Trace ownership and accountability

- Understand who initiated changes when reviewing audit logs

- investigate issues without jumping between audit logs and action runs

Current behavior

- Audit log entry:  Type “Port automation”

- Triggering user is only visible in the self-service action run details

Expected behavior

Audit logs should display the user who triggered the self-service action as the creator of any entities created by that action (or at least include them as additional context, e.g. “Created by Port automation (triggered by [USER])”).",Port portal,Open,2,2,open,Audit log,2026-01-28T20:11:45.370Z,https://roadmap.port.io/ideas/p/show-triggering-user-in-audit-logs-for-entities-created-via-self-service-actions,2026-07-29T11:01:48.390258+00:00,show-triggering-user-in-audit-logs-for-entities-created-via-self-service-actions,True,8
689b92a16f57ecb47b6a4946,Ability to select timeframe in the event log,"It would be helpful to be able to select a timeframe for logs in the exporter event log. Also, a copy button would be useful here.",Port portal,Open,2,0,open,Audit log,2025-08-12T19:14:41.463Z,https://roadmap.port.io/ideas/p/ability-to-select-timeframe-in-the-event-log,2026-07-29T11:01:50.809288+00:00,ability-to-select-timeframe-in-the-event-log,True,1
68abd0d0ab8356cd24d26bf7,Azure Live logs,"Request to have a feature where Azure Entities that support live logs can be seen from inside port. 

Intent is to help ensure that when one visits the entity page, live logs of a resource appear only upon user visit action to the live logs tab under the entity",Port portal,Open,2,0,open,Audit log,2025-08-25T02:56:16.089Z,https://roadmap.port.io/ideas/p/azure-live-logs,2026-07-29T11:01:55.767122+00:00,azure-live-logs,True,2
692dc7e9488f8201c774af52,Increase webhook integration audit log event count,"Currently the audit logs for webhook integrations only shows the last event. This is a major limitation when attempting to troubleshoot since different event types have varying data structures, making a single event insufficient.",Port portal,Open,2,0,open,Audit log,2025-12-01T16:52:57.012Z,https://roadmap.port.io/ideas/p/increase-webhook-integration-audit-log-event-count,2026-07-29T11:02:00.615782+00:00,increase-webhook-integration-audit-log-event-count,True,2
692079dd3d1696e11915f881,"Integration  ""event catalog"" https://www.eventcatalog.dev","support an integration just like backstage https://www.eventcatalog.dev/integrations/backstage

""This plugin allows you to import your EventCatalog directly into Backstage. Get EventCatalog features, visualisations and more directly in Backstage.""",Port portal,Open,2,0,open,Integrations,2025-11-21T14:40:29.988Z,https://roadmap.port.io/ideas/p/integration-event-catalog-https-wwweventcatalogdev,2026-07-29T11:13:59.325576+00:00,integration-event-catalog-https-wwweventcatalogdev,False,0
6682e6f542028024f03af599,Search Markdown on Catalog Page,"Currently you can search the contents of markdown properties using the global search in the ""Tech Docs"" tab. You should also be able to search the contents of markdown properties in the catalog page search.",Port portal,Open,2,0,open,Navigation & global search,2024-07-01T17:27:17.748Z,https://roadmap.port.io/ideas/p/search-markdown-on-catalog-page,2026-07-29T11:14:06.576691+00:00,search-markdown-on-catalog-page,False,0
656dffd9c9406ec6bc18eaa5,Hide actions from entity menu,"Currently, Actions are tied to a Blueprint, and will offer all Actions for each Entity in the Catalog menu.

Having the option to hide Actions on specific Entities will allow to clean up the catalog, and disable Actions on entities that should not run it.",Port portal,Open,2,1,open,Self-service actions,2023-12-04T16:35:37.365Z,https://roadmap.port.io/ideas/p/hide-actions-from-entity-menu,2026-07-29T11:14:18.759082+00:00,hide-actions-from-entity-menu,True,2
66a5e31d8a37596baba1b970,Make actions log user friendly,"One of the most used parts of the portal is the actions.

The logs presented today are completely raw which reduces the usability of the actions in particular and, overall, of the entire portal.

The issues that a raw log presents:

* There is no way to distinguish technical logs (like agent logs) from backend generated

* Warnings, important information to the users generated by the action are not identifiable (e.g. with icon)

* Links, if provided, are not clickable.

I would suggest replacing the textbox with a dynamic table in the lines of the attachment:",Port portal,Open,2,0,open,Self-service actions,2024-07-28T06:20:13.553Z,https://roadmap.port.io/ideas/p/make-actions-log-user-friendly,2026-07-29T11:14:21.189063+00:00,make-actions-log-user-friendly,True,5
69f84ce3477db7829b2e1f27,MCP Action Access Controls - Restrict Actions by Invocation Source,"Currently, permissions are scoped to users and roles, but there is no way to restrict an action to specific invocation channels (e.g., UI only vs. MCP). This is a concern for high-risk operations such as production deployments, where teams want the additional guardrails and visibility that the Port UI provides.

Relying on the Claude/MCP client config to restrict actions is fragile — it lives outside Port's governance model, isn't auditable in Port, and can be bypassed or misconfigured. Native support in Port ensures consistent enforcement across all MCP clients and aligns with existing RBAC patterns.

Adding an invocation source control at the action level in Port, allowing admins to configure which channels an action can be triggered from would allow teams to enforce that sensitive actions (e.g., prod deploys, destructive operations) cannot be triggered via MCP, without needing to rely on external configuration in the AI client (e.g., Claude system prompt restrictions).",Port portal,Open,2,0,open,Self-service actions,2026-05-04T07:38:11.563Z,https://roadmap.port.io/ideas/p/mcp-action-access-controls-restrict-actions-by-invocation-source,2026-07-29T11:14:23.607630+00:00,mcp-action-access-controls-restrict-actions-by-invocation-source,True,6
6a428d9c292f2041042ba04e,Expose Action Form Trigger in Custom Widget/Plugin SDK,"Add support for opening a self-service action form directly from a custom widget/plugin, without navigating to the Self-Service Actions tab",Port portal,Completed,2,1,complete,Self-service actions,2026-06-29T15:22:04.568Z,https://roadmap.port.io/ideas/p/expose-action-form-trigger-in-custom-widget-plugin-sdk,2026-07-29T11:14:57.837565+00:00,expose-action-form-trigger-in-custom-widget-plugin-sdk,True,5
665ede26e43d7a73fc2e947a,"Dropdown list with a ""insert string"" option","To have the ability to create an entity selection input with an input string to create a new entity. 

For example you could choose the repository from the catalog or create a new with the name you provided?",Port portal,Open,2,0,open,Self-service actions,2024-06-04T09:28:06.746Z,https://roadmap.port.io/ideas/p/dropdown-list-with-a-insert-string-option,2026-07-29T11:15:13.315887+00:00,dropdown-list-with-a-insert-string-option,True,1
6693781aa31de39613529762,New input type - Map,"Support a new input of type map (ENUM object where you can select a key, but the payload will have the value).

Use case: I have some values in my backend that represent what kind of lambda function will be triggered. In the action, I would like to present the users with an easy to understand input that is more meaningful than the lambda token.

Example: The input will be an ENUM dropdown, that will represent a JSON object with multiple keys and values (Lambda's names and their matching tokens). The user will be offered a selection from the Lambdas names, and the input will have the selected lambda token).

Currently, this can be done using Control the Payload (I can have an if that checks the input and calculates the relevant value), but this is not maintainable when you have a lot of inputs.",Port portal,Open,2,0,open,Self-service actions,2024-07-14T07:02:50.875Z,https://roadmap.port.io/ideas/p/new-input-type-map,2026-07-29T11:15:18.211863+00:00,new-input-type-map,True,4
68c9c5736bddc38edb2a4072,"Require Object type input property contents, not input itself","Currently you can't require properties within an object type input in a self service action. You can require the input as a whole, or require a property type for the properties in the object, but that will only enforce type if they appear. It doesn't actually require the presence of the property. 

So, I don't want the entire object input to be required. I just want specified properties in the object to be required IF that input is used.",Port portal,Open,2,1,open,Data model,2025-09-16T20:15:47.647Z,https://roadmap.port.io/ideas/p/require-object-type-input-property-contents-not-input-itself,2026-07-29T11:15:20.638690+00:00,require-object-type-input-property-contents-not-input-itself,True,3
6995741f6a0047498c59fa71,"In self service section, allow for the installtionId  to be a computed value and not static value","We’re using an INTEGRATION_ACTION with integrationProvider: ""GITHUB"" and would like to render installationId dynamically from the selected repository’s org_name:

""installationId"": ""{{ .inputs.repository.properties.org_name | ascii_downcase }}""

The template renders correctly in the payload preview, but the integration is never invoked (no GitHub workflow run, nothing in the GitHub integration logs). If we hard‑code installationId to ""integrationIdentifier"", it works.

sample:

""invocationMethod"": {

   ""type"": ""INTEGRATION_ACTION"",

   ""installationId"": ""{{ .inputs.repository.properties.org_name | ascii_downcase }}"",

   ""integrationActionType"": ""dispatch_workflow"",

   ""integrationActionExecutionProperties"": {

     ""org"": ""{{ .inputs.repository.properties.org_name }}"",

     ""repo"": ""{{ .inputs.repository.identifier }}"",

     ""workflow"": ""run-create-vuln-issue.yml"",

     ""workflowInputs"": {

       ""trigger_user_id"": ""{{ .trigger.by.user.email | split(\""@\"")[0] }}"",

       ""base_branch"": ""{{ .inputs.base_branch }}"",

       ""body"": ""{{ .inputs.body }}"",

       ""title"": ""{{ .inputs.title }}""

     },

     ""reportWorkflowStatus"": true

   }

 }

We want to be able for this to work and to select the integration that is running the self service action",Port portal,Open,2,1,open,Self-service actions,2026-02-18T08:11:11.145Z,https://roadmap.port.io/ideas/p/in-self-service-section-allow-for-the-installtionid-to-be-a-computed-value-and-n,2026-07-29T11:15:45.512328+00:00,in-self-service-section-allow-for-the-installtionid-to-be-a-computed-value-and-n,True,8
6874c373410d522ad019cd56,Placeholder value in self-service action fields,"When using regex to validate fields value we either have to not provide a default value or provide a valid value.

It would be useful to be able to set placeholder value to give user an example but forcing them to set a new value.

This prevent the case where the action is wrongly submitted with the example default value.",Port portal,Open,2,1,open,Self-service actions,2025-07-14T08:44:35.912Z,https://roadmap.port.io/ideas/p/placeholder-value-in-self-service-action-fields,2026-07-29T11:15:48.123681+00:00,placeholder-value-in-self-service-action-fields,True,3
68405b9c4ebfd09d591cf6e6,Add uiDefault to Prevent Validation on Initial Load,"Add support for uiDefault option to apply default values at the UI level, preventing validation from triggering too soon during form initialization.",Port portal,Open,2,0,open,Data model,2025-06-04T14:43:40.979Z,https://roadmap.port.io/ideas/p/add-uidefault-to-prevent-validation-on-initial-load,2026-07-29T11:15:50.748038+00:00,add-uidefault-to-prevent-validation-on-initial-load,True,3
6a39593eadcbcb23ea8c10c1,UI Cache Invalidation / Forced Dashboard Updates,"When changes are made to dashboards, widgets, scorecards, or other UI elements in Port, end users do not automatically receive the updated view. 

Currently:

- A hard refresh (or clearing browser history/cache) is required to see new changes.

- A soft refresh is sometimes insufficient

Proposed Solution (from [USER])

A config/version check or ETag-based mechanism that busts the locally cached view whenever a dashboard, widget, or scorecard is changed on the backend. This would ensure users automatically receive the latest UI state without manual intervention.",Port portal,Open,2,0,open,Dashboards & widgets,2026-06-22T15:48:14.435Z,https://roadmap.port.io/ideas/p/ui-cache-invalidation-forced-dashboard-updates,2026-07-29T11:16:06.107179+00:00,ui-cache-invalidation-forced-dashboard-updates,True,2
67d16cc97af3f6f3fce8c5f5,Widget conditional display,"We would like to be able to add conditions on widgets. For example if the number is below our threshold, it should be red. Otherwise green. And maybe even send an alert if red.",Port portal,Open,2,0,open,Dashboards & widgets,2025-03-12T11:15:21.892Z,https://roadmap.port.io/ideas/p/widget-conditional-display,2026-07-29T11:16:25.749563+00:00,widget-conditional-display,False,0
67bca8557957f25a12b68129,jq implementation inconsistency between exporters and webhooks,"As a part of our integration strategy, we are opting to use webhooks for real-time data ingestion, and then coming along behind on a scheduled interval for a more complete sync (to ensure that we cover for any misses in the webhook process). 

The first image is the jq mapping for cleaning up the branch name for the scheduled sync (note the lack of needing to escape the double quotes in the jq `gsub` function call - attempting to escape them will actually cause errors).

The second image is a similar jq mapping for cleaning up the branch name for the incoming webhook (real-time) data (note needing to escape the double quotes in the jq `gsub` function call - attempting to not escape them will cause errors).

I would have expected that the syntax should be consistent across data source types?",Port portal,Open,2,0,open,Data model,2025-02-24T17:11:49.003Z,https://roadmap.port.io/ideas/p/jq-implementation-inconsistency-between-exporters-and-webhooks,2026-07-29T11:16:30.592658+00:00,jq-implementation-inconsistency-between-exporters-and-webhooks,True,2
67b21bec4539d5e7dda6a3ff,JQ Support in Blueprint Relations,"Add Ability to filter relations with JQ.

From example, i want to be able to related repo to other repo that has specific property(library)",Port portal,Open,2,0,open,Data model,2025-02-16T17:10:04.979Z,https://roadmap.port.io/ideas/p/jq-support-in-blueprint-relations,2026-07-29T11:16:36.332031+00:00,jq-support-in-blueprint-relations,False,1
695ce5f621c449e1fd7ce58e,Expose Richer Executing User Context in SSA Backend,"The SSA backend currently exposes only a limited, trusted subset of the executing user’s data, while the User Form provides a richer payload. Passing the User Form .user object to the backend is not safe, as it can be spoofed and allow user impersonation.

This idea is to expose additional trusted context about the executing user (such as team relationships) directly in the SSA backend payload, without relying on user-provided inputs.",Port portal,Open,2,0,open,Self-service actions,2026-01-06T10:37:42.687Z,https://roadmap.port.io/ideas/p/expose-richer-executing-user-context-in-ssa-backend,2026-07-29T11:17:14.523176+00:00,expose-richer-executing-user-context-in-ssa-backend,True,3
69c1a3bff8901915c20c5ca3,Port Secrets Support in Webhook Security Configuration,"Allow the {{ .secrets.<secret_name> }} syntax in the secret field for webhook, consistent with how secrets are already used in self-service action and automation payloads. 

Example

""security"": {

  ""secret"": ""{{ .secrets.github_metrics_integration_secret }}"",

  ""signatureHeaderName"": ""X-Port-Signature"",

  ""signaturePrefix"": ""sha256="",

  ""signatureAlgorithm"": ""sha256""

}",Port portal,Open,2,0,open,Integrations,2026-03-23T20:34:07.205Z,https://roadmap.port.io/ideas/p/port-secrets-support-in-webhook-security-configuration,2026-07-29T11:17:37.824289+00:00,port-secrets-support-in-webhook-security-configuration,True,4
6a02b8cf83cc90c4a7254469,Use webhooks to trigger Code Coverage and Test Run kinds for ADO,"Currently we grab ADO Code Coverage and Test Run results as a part of a sync. As these kinds typically created when a Pipeline Run occurs, we could use the ""live event"" webhooks from ADO for pipeline runs to call the Code Coverage and Test Run endpoints rather than sync. This would speed up the overall ADO syncs, reduce the change of rate limiting and also provide near-real time data for Code Coverage and Test Runs, inline with the pipeline runs. So when a pipeline run is completed, we should then call the Code Coverage and Test Run endpoints to provide the additional metadata.",Port portal,Open,2,0,open,Data sources,2026-05-12T05:21:19.164Z,https://roadmap.port.io/ideas/p/use-webhooks-to-trigger-code-coverage-and-test-run-kinds-for-ado,2026-07-29T11:17:45.312989+00:00,use-webhooks-to-trigger-code-coverage-and-test-run-kinds-for-ado,True,2
66b1311546017d98d92156e3,"Add teamsIdentifier, and teams to user object in Self Service Action Dynamic Permissions","Currently the teamsIdentifier, and teams arrays are not available in the user context in Self Service action dynamic permissions.

For example, if you want to use ""{{.user.teamsIdentifier}}"" or ""{{.user.teams[].name}}"" as a value in a dynamic permissions policy, you can't do that as those values aren't present on the .user object in the dynamic permissions/self service action context.",Port portal,Completed,2,1,complete,RBAC & Ownership,2024-08-05T20:07:49.526Z,https://roadmap.port.io/ideas/p/add-teamsidentifier-and-teams-to-user-object-in-self-service-action-dynamic-perm,2026-07-29T11:18:28.850356+00:00,add-teamsidentifier-and-teams-to-user-object-in-self-service-action-dynamic-perm,True,4
663e275443acb838cf19a5ba,Allow the configuring of action permissions to allow organization generated tokens to trigger actions,,Port portal,Open,2,0,open,Self-service actions,2024-05-10T13:55:32.854Z,https://roadmap.port.io/ideas/p/allow-the-configuring-of-action-permissions-to-allow-organization-generated-toke,2026-07-29T11:18:31.267929+00:00,allow-the-configuring-of-action-permissions-to-allow-organization-generated-toke,True,4
682f670b596869f89577489f,Apply permissions to entity selection inputs in Actions,Currently action permissions only restrict Day-2 and Delete target entities so that people who don't have read access cannot select those entities. The permissions should also apply to entity selection inputs.,Port portal,Open,2,0,open,RBAC & Ownership,2025-05-22T18:03:55.604Z,https://roadmap.port.io/ideas/p/apply-permissions-to-entity-selection-inputs-in-actions,2026-07-29T11:18:33.679175+00:00,apply-permissions-to-entity-selection-inputs-in-actions,True,4
67bb1b378aff64bedccf9ae2,Enable action execution permissions based on user data,"Introduce configurable permissions that allow actions to be executed based on specific user data. For example, restrict actions to the current on-call user or to a user who provided a particular answer in a survey. This feature would ensure that actions are performed only by the appropriate users as defined by dynamic criteria.",Port portal,Open,2,0,open,Self-service actions,2025-02-23T12:57:27.951Z,https://roadmap.port.io/ideas/p/enable-action-execution-permissions-based-on-user-data,2026-07-29T11:18:40.985283+00:00,enable-action-execution-permissions-based-on-user-data,True,5
66717334f17d76cbe67bf49f,Manual Approval by owner,"Add the ability to allow approval by owner, allowing more flexibility in the permissions",Port portal,Closed,2,2,closed,Self-service actions,2024-06-18T11:44:52.513Z,https://roadmap.port.io/ideas/p/manual-approval-by-owner,2026-07-29T11:18:55.810191+00:00,manual-approval-by-owner,True,2
67ae47018df2ac10d76e1fec,Approver's Dashboard,"As an approver, I would like to have an intuitive dashboard that allows me to efficiently manage my approval requests. This dashboard should display all the requests in my queue, provide access to the history of past approvals, and offer advanced filtering options to easily focus on those ""Waiting for Approval."" Additionally, I would like the capability to approve/reject multiple requests simultaneously through a bulk approval feature.",Port portal,Open,2,0,open,Dashboards & widgets,2025-02-13T19:24:49.851Z,https://roadmap.port.io/ideas/p/approvers-dashboard,2026-07-29T11:19:15.649527+00:00,approvers-dashboard,True,2
67583e21f84a4af5d432d045,Show full action description in action card,"When an action title or description is longer than the available space for the card, there is no way to see the full text. When displaying the actions on the actual Self-service page, any overflow text is indicated by an ellipsis and then available to see in a tooltip via hovering over the text with your mouse.

Self-service page: (see larger screenshot)

Action card on a dashboard page: (see smaller screenshot, this can also be seen on the demo ""My Team's Scorecards"" page - https://demo.getport.io/my_teams_scorecards - when on smaller screens)

Alternately, could the wrapping div be updated to no longer hide the overflow/truncate the text, and instead simply grow vertically based on the text presented?",Port portal,Open,2,0,open,Self-service actions,2024-12-10T13:12:01.386Z,https://roadmap.port.io/ideas/p/show-full-action-description-in-action-card,2026-07-29T11:19:38.607124+00:00,show-full-action-description-in-action-card,True,3
65b60179d9cc3038ffc233d3,Add action run status description,"Currently action run status are predefined and limited to ""Success"", ""Failure"" and ""In progress"". This feature will add the option to provide additional descriptions next to the status and further explain the current step, like ""waiting_for_resource"", ""preparing"", ""canceled"", etc.",Port portal,Completed,2,2,complete,Audit log,2024-01-28T07:25:45.934Z,https://roadmap.port.io/ideas/p/add-action-run-status-description,2026-07-29T11:19:45.958489+00:00,add-action-run-status-description,True,3
674613bc11c9ac3dbb882e6a,Clear action run notification badge,"The new action runs view displays a notification badge counting the number of a user's ""In progress"" or ""Waiting for approval"" runs. It would be nice to have a button to manually clear the badge for runs you know will take a while to finish / be approved.",Port portal,Open,2,0,open,Self-service actions,2024-11-26T18:30:20.029Z,https://roadmap.port.io/ideas/p/clear-action-run-notification-badge,2026-07-29T11:19:51.966641+00:00,clear-action-run-notification-badge,True,3
66fabe27f08e28ee95624d41,Export Action Run History,"Currently Port does not have the ability to export action runs via the UI, only the API. It would be beneficial if an export button was added to the Runs History page similar to normal catalog pages.",Port portal,Open,2,0,open,Audit log,2024-09-30T15:05:11.870Z,https://roadmap.port.io/ideas/p/export-action-run-history,2026-07-29T11:20:01.871455+00:00,export-action-run-history,True,2
6989da7e28d1e2672b8d1f83,Expose integration event logs via API or streaming,Currently to view integration event logs you must use the UI to view them. It would be great if these could be exposed via an API or via log streaming to allow for real time troubleshooting and/or analysis.,Port portal,Open,2,0,open,Data sources,2026-02-09T13:00:46.686Z,https://roadmap.port.io/ideas/p/expose-integration-event-logs-via-api-or-streaming,2026-07-29T11:20:09.461100+00:00,expose-integration-event-logs-via-api-or-streaming,False,1
69a69c2bbd9e53f8d10aa84f,Configurable automatic execution of self-service actions from Slack,"Today, when a self-service action is initiated via the Port Slack app, the bot intentionally does not execute the action automatically. Instead, it collects some parameters and then redirects the user back to the Port UI to review and confirm the action. This behavior is by design for safety and control reasons, but some we would like the option to complete the full action flow directly in Slack without switching context. 

Requested Capability

Add a configuration option that allows admins to control whether self-service actions triggered via the Slack app can be:

Executed automatically from Slack once all required parameters are collected, or

Kept in the current “review in Port UI before execution” mode.

This could be exposed as a per-action flag (e.g., “Allow automatic execution from Slack”) or as an organization-level policy for Slack-initiated actions.

Value / Impact

Reduces context switching for developers and on-call engineers who want to complete workflows entirely within Slack.

Preserves safety by making automatic execution opt-in and configurable by platform/admin teams.

Aligns Slack app behavior with customers’ expectations for fully chat-native self-service while keeping the current secure default.",Port portal,Open,2,0,open,Self-service actions,2026-03-03T08:30:35.951Z,https://roadmap.port.io/ideas/p/configurable-automatic-execution-of-self-service-actions-from-slack,2026-07-29T11:20:29.940004+00:00,configurable-automatic-execution-of-self-service-actions-from-slack,True,7
693717e9a5e8f26790db4e71,Forward everything the Port Execution Agent gets and make it transparent,"When using the Execution Agent, I would like to just set ""enabled: false"" in the 'control_the_payload_config.json' file and make it completely transparent. I mean for it to just forward whatever payload it receives: headers, body, etc.

Thank you.",Port portal,Open,2,0,open,Automations,2025-12-08T18:24:41.912Z,https://roadmap.port.io/ideas/p/forward-everything-the-port-execution-agent-gets-and-make-it-transparent,2026-07-29T11:20:32.338470+00:00,forward-everything-the-port-execution-agent-gets-and-make-it-transparent,True,1
672b52a3c45ed39e22567862,“Execute” Button on the First Step of the Input Window,"We would like to have an “Execute” button to the first step of the Self-service action with many steps input window. This button will allow users to initiate the action immediately if they do not need to modify any fields in subsequent steps.

Rationale:

The first step contains all required fields for the action. For users who do not wish to change any optional fields in the following steps, this “Execute” button would allow them to bypass unnecessary navigation through all steps just to initiate the action at the end. This feature will improve user efficiency and reduce friction in workflows where default settings are frequently used.

Expected Behavior:

	•	Location: The “Execute” button should appear prominently on the first step of the input form.

	•	Functionality: If clicked, the button should validate all required fields in the first step, initiate the action

	•	Fallback: If any required fields are missing or incorrect, the button should provide feedback to the user, prompting them to complete or correct those fields.

Benefits:

	•	Saves time for users who don’t need to modify optional fields.

	•	Reduces the number of interactions needed for common use cases.

	•	Enhances overall user experience by streamlining the workflow.",Port portal,Open,2,0,open,Self-service actions,2024-11-06T11:27:31.336Z,https://roadmap.port.io/ideas/p/execute-button-on-the-first-step-of-the-input-window,2026-07-29T11:20:44.958117+00:00,execute-button-on-the-first-step-of-the-input-window,True,7
69846d1a0515435e29b373eb,Support for AWS::MemoryDB::User and AWS::MSK::ServerlessCluster in AWS V3 Integration,"Request to add support for the following AWS resource kinds in the AWS V3 integration:

AWS::MemoryDB::User

AWS::MSK::ServerlessCluster

These kinds are currently not supported in AWS V3 and were previously associated with issues in the old AWS integration, which is being deprecated. 

Our goal is to have these resources ingested into the Port catalog via the AWS V3 integration so we can manage and visualize them consistently with the rest of our AWS estate.

Please let us know if any additional details (properties, example ARNs, or use cases) are needed to prioritize or design this support.

Thank you!",Port portal,Planned,1,1,planned,Integrations,2026-02-05T10:12:42.597Z,https://roadmap.port.io/ideas/p/support-for-aws-memorydb-user-and-aws-msk-serverlesscluster-in-aws-v3-integratio,2026-07-29T10:57:55.849309+00:00,support-for-aws-memorydb-user-and-aws-msk-serverlesscluster-in-aws-v3-integratio,False,0
696f2e14d1352674295c2e11,Control which Port Execution Agent deployment process which message with polling streamer,"With Port Execution Agent that use polling streamer  (https://docs.port.io/actions-and-automations/setup-backend/webhook/port-execution-agent/usage#polling-streamer), messages are acknowledged before processing and cannot be claimed by another agent once fetched.

This allows multiple agents to run in parallel without conflicts, but requires using the same filtering logic across all agents to avoid unintended filtering.

You cannot control which agent processes which message at the moment.

Suggested solution:

Set and optional ""cluster identifier"" that is evaluated when executing the run. The poller will send its ""cluster identifier"", only matching runs will be fetched.",Port portal,Open,1,0,open,Automations,2026-01-20T07:26:12.066Z,https://roadmap.port.io/ideas/p/control-which-port-execution-agent-deployment-process-which-message-with-polling,2026-07-29T11:00:01.549050+00:00,control-which-port-execution-agent-deployment-process-which-message-with-polling,True,6
69a02d77006d0995d3c7e953,In port execution agent allow the agent to have SSL no-verify option when communicating with the remote server,"We want to have the option to have SSL no-verify in the port execution agent.

We want to communicate with an internal service without the hassle of handling the self signed certificates",Port portal,Open,1,0,open,Automations,2026-02-26T11:24:39.313Z,https://roadmap.port.io/ideas/p/in-port-execution-agent-allow-the-agent-to-have-ssl-no-verify-option-when-commun,2026-07-29T11:00:06.462015+00:00,in-port-execution-agent-allow-the-agent-to-have-ssl-no-verify-option-when-commun,True,1
6833b6005e235d7e91968c71,"To include errors/warnings related to the regex pattern of file path in kind ""file"" in the Audit log/Event Log","The GitHub app's Audit or Event logs do not warn or error when the file path's regex pattern is incorrect in kind ""file"". Adding the relevant error or warning will reduce the time it takes for the user to recognise the issue.",Port portal,Open,1,0,open,Audit log,2025-05-26T00:29:52.079Z,https://roadmap.port.io/ideas/p/to-include-errors-warnings-related-to-the-regex-pattern-of-file-path-in-kind-fil,2026-07-29T11:02:03.155274+00:00,to-include-errors-warnings-related-to-the-regex-pattern-of-file-path-in-kind-fil,True,2
65eeca8579a657ae7bb6cf98,Search catalog pages,"Search for catalog pages in the catalog menu, to enhance discoverability of available pages",Port portal,Completed,1,4,complete,,2024-03-11T09:10:29.039Z,https://roadmap.port.io/ideas/p/search-catalog-pages,2026-07-29T11:14:04.165664+00:00,search-catalog-pages,False,0
64f484d97fb24609a28e0250,Action Input Overrides During Manual Approval,"In some cases, a user will submit a self-service action that requires a manual approval step.

In a subset of those cases, it is possible that the admin that approves the request will want to make a change to the inputs provided by the user (for example, the user requested a DB with a node count of 3, and the admin is willing to approve the request but with a node count of 2).

This feature will give the admin the option to override the inputs provided by the user and approve the request with updated inputs.",Port portal,Open,1,0,open,Self-service actions,2023-09-03T13:06:33.738Z,https://roadmap.port.io/ideas/p/action-input-overrides-during-manual-approval,2026-07-29T11:14:33.279904+00:00,action-input-overrides-during-manual-approval,True,5
67173cd806d353fc3299f57b,Show input parameters in Action History Widget,"The ability to display input parameters for a 2-day self-service action in the Action History widget. Now, you could add an input parameter to the widget, but it would appear empty.",Port portal,Open,1,0,open,Self-service actions,2024-10-22T05:49:12.998Z,https://roadmap.port.io/ideas/p/show-input-parameters-in-action-history-widget,2026-07-29T11:14:48.110236+00:00,show-input-parameters-in-action-history-widget,True,3
687ced0964a12a95ef832dd9,User input: location,"User inputs - I would like to have an option to search an address using 3rd provider like open street maps, or google maps (using api key) or something else. So the user input will be fill from this search auto complete",Port portal,Open,1,2,open,Self-service actions,2025-07-20T13:20:09.069Z,https://roadmap.port.io/ideas/p/user-input-location,2026-07-29T11:15:27.977332+00:00,user-input-location,True,1
649bdc45bc9cc409261c2477,Copy raw value option,"When using Port’s UI, the table and specific entity views give users a quick copy value button. When performing the copy, the value copied to the clipboard will be the same one displayed in the web UI, which usually goes through some layers of HTML and JS interpolation, resolving things such as `\n` to actual HTML newlines etc.

For cases where the real format of the property value is important (for example a K8s kubeconfig) it would be helpful to have a “copy raw” option, making it possible to copy the kubeconfig as it is, with the newlines that were originally part of the kubeconfig. This makes it easy to take the real value and use it in a CI/CD workflow, or simply add it to an existing local kubeconfig managed by the kubectl CLI.",Port portal,Open,1,0,open,Entity Pages,2023-06-28T07:07:49.418Z,https://roadmap.port.io/ideas/p/copy-raw-value-option,2026-07-29T11:15:32.810581+00:00,copy-raw-value-option,True,2
660da56051cc0bb9c88ec814,Terraform provider | Conditional page deletion capability,"Introduce the ability to conditionally delete pages through the Terraform provider when managing blueprints, by specifying a deletion condition (e.g., true/false) within the Blueprint JSON file.",Port portal,Open,1,0,open,Integrations,2024-04-03T18:52:16.088Z,https://roadmap.port.io/ideas/p/terraform-provider-conditional-page-deletion-capability,2026-07-29T11:16:23.276349+00:00,terraform-provider-conditional-page-deletion-capability,False,1
66cc92d3c146ef3febde98ab,Reflect invalid JQ results to stakeholders,"Results of JQ could always be invalid in the context where they are used. This will show up in different parts of the app, such as action user inputs.

We should find a way to alert relevant stakeholders to the fact that the calculated value is invalid when it occurs.",Port portal,Open,1,0,open,Self-service actions,2024-08-26T14:36:03.126Z,https://roadmap.port.io/ideas/p/reflect-invalid-jq-results-to-stakeholders,2026-07-29T11:16:38.778665+00:00,reflect-invalid-jq-results-to-stakeholders,True,3
66e68c9ff85bef2fa5d4dc82,Surface JQ errors,"Today, when there is an error with a JQ, you can't see it, and usually, the action is skipped.

In Integration Mapping, resources will not be created. In automations/actions, it won't run.

Ideally, JQ errors will appear somewhere you can monitor and act upon.",Port portal,Open,1,0,open,,2024-09-15T07:28:31.527Z,https://roadmap.port.io/ideas/p/surface-jq-errors,2026-07-29T11:16:46.450470+00:00,surface-jq-errors,True,4
673bceee3240094e0c96bc6c,I want to search entities with regex,"Whether in the global search, or searching within a table, I'd like to search using regular expressions to take advantage of known conventions or shapes to the data (e.g. starts with, optional characters, etc)",Port portal,Open,1,0,open,Navigation & global search,2024-11-18T23:34:06.867Z,https://roadmap.port.io/ideas/p/i-want-to-search-entities-with-regex,2026-07-29T11:16:54.702721+00:00,i-want-to-search-entities-with-regex,False,1
66e985470be4dcfd3da6e336,Entities example for backend playground,"Port actions backend have a playground that can be used for testing the JQ mapping. The examples that are being provided are automatically generated and in some cases are not aligned with the actual data.

By adding the option to add entities to the example section, users can validate the JQ correctly without the need to align the schema.",Port portal,Open,1,0,open,Self-service actions,2024-09-17T13:33:59.820Z,https://roadmap.port.io/ideas/p/entities-example-for-backend-playground,2026-07-29T11:17:12.127614+00:00,entities-example-for-backend-playground,True,4
65a512ccbb34b59cd65ce460,Add log to action run invocation method,"Add the option to use a generic invocation method that sends a log message to an action run ID provided as an input.

This will make it easier to send logs to actions in a generic and standardized way",Port portal,Open,1,0,open,Self-service actions,2024-01-15T11:11:08.497Z,https://roadmap.port.io/ideas/p/add-log-to-action-run-invocation-method,2026-07-29T11:17:53.119230+00:00,add-log-to-action-run-invocation-method,True,6
6589bbb30ae0869b95c141cd,Port agent - Control the payload through UI,"Currently, you can only update the mapping config directly at the agent/provide the mapping when you install it.

Having a way to edit it through the UI (like other integrations) will ease the usage and create a better experience.",Port portal,Open,1,1,open,Self-service actions,2023-12-25T17:28:19.474Z,https://roadmap.port.io/ideas/p/port-agent-control-the-payload-through-ui,2026-07-29T11:18:16.059890+00:00,port-agent-control-the-payload-through-ui,True,0
6481fb245cf5a50d549f4fdb,Runs - displaying the payload,The payload of a specific run is now displayed in Port’s specific run page and audit log under the “Payload” property.,Port portal,Completed,1,1,complete,Self-service actions,2023-06-08T16:00:36.687Z,https://roadmap.port.io/ideas/p/runs-displaying-the-payload,2026-07-29T11:18:21.337991+00:00,runs-displaying-the-payload,True,0
693ffd899279e1a4c35ca2c0,Disallow saving actions with no execute permissions,"Currently, execute permissions can be removed entirely, which allows an action to be saved with no execute permissions at all. We need a product safeguard to prevent this by either:

Disallowing actions from being saved without any execute permissions, or

Automatically retaining the Admin role as a default execute permission.",Port portal,Open,1,0,open,Self-service actions,2025-12-15T12:22:33.275Z,https://roadmap.port.io/ideas/p/disallow-saving-actions-with-no-execute-permissions,2026-07-29T11:18:38.558312+00:00,disallow-saving-actions-with-no-execute-permissions,True,3
6481f12a7635744f37484976,Manual approval for self-service actions,"Admins can define an approval step on chosen self-service actions.

 This capability will allow setting guardrails on sensitive actions, while still allowing users to perform actions in a self-service manner.

 Actions with an approval step will be created in “waiting for approval” status, the approving party will be notified so they can approve or decline the action.

 See [how to configure an approval step](https://docs.getport.io/self-service-actions/self-service-actions-deep-dive/#manual-approval)",Port portal,Completed,1,1,complete,Self-service actions,2023-06-08T15:18:02.436Z,https://roadmap.port.io/ideas/p/manual-approval-for-self-service-actions,2026-07-29T11:18:58.220170+00:00,manual-approval-for-self-service-actions,True,6
69a98a661fe40914834d9831,Option to Exclude Hidden Inputs from SSA Manual-Approval Emails,"Hidden SSA inputs (configured via visibility rules) are still included in the default manual-approval email by design, to give approvers full context.

Request

Add a configuration option to exclude hidden inputs from the default approval email, while keeping them in the submitted payload for backend processing. For example, an action-level flag like excludeHiddenInputsFromApprovalEmail: true (default false to preserve current behavior).

Value

Reduces noise in approval emails (especially large JSON/object inputs).

Lets teams keep technical/auxiliary fields hidden from both requesters and approvers, without losing them from the action payload.",Port portal,Open,1,0,open,Self-service actions,2026-03-05T13:51:34.675Z,https://roadmap.port.io/ideas/p/option-to-exclude-hidden-inputs-from-ssa-manual-approval-emails,2026-07-29T11:19:08.312390+00:00,option-to-exclude-hidden-inputs-from-ssa-manual-approval-emails,True,5
68f92f09f3aea6791833224b,Bypass Self-Service Approval Need if submitter is an approver,"My team approves certain self-service actions. Me and my team also use the same self-service actions for our own day-to-day work at times. When we submit one of these requests we approve our own requests. While some requests might warrant a separate approver, even on the same team, in our case we don't. We simply need the self-service action to execute, but we have to approve our own request, which is just extra work.

Today there is a ""General access"" section at the bottom of the Approvers section of the Edit action window. There is a toggle for Admins, so admins do not need approval. My Feature Request is to possibly rename the ""General access"" heading because this doesn't seem intuitive. Instead, name it something like ""Approval Bypass"". Keep Admins and add a new toggle like ""Approvers"". When enabled, if a requestor is a named approver or in an approver group then requests by that user would not need to be approved.",Port portal,Open,1,0,open,Self-service actions,2025-10-22T19:22:49.419Z,https://roadmap.port.io/ideas/p/bypass-self-service-approval-need-if-submitter-is-an-approver,2026-07-29T11:19:20.545428+00:00,bypass-self-service-approval-need-if-submitter-is-an-approver,True,5
699328e947c850515815cb26,Allow non-admins to create and/or edit self-service actions,"I want to allow some users to be able to create self-service actions in our STG environment without giving them full Admin access.

Alternatively, if we had RBAC over who can EDIT self-service actions then I could create a self-service action that creates a ""shell"" self-service action for users with the proper RBAC on it that would grant them edit access.",Port portal,Open,1,0,open,Self-service actions,2026-02-16T14:25:45.138Z,https://roadmap.port.io/ideas/p/allow-non-admins-to-create-and-or-edit-self-service-actions,2026-07-29T11:19:41.007564+00:00,allow-non-admins-to-create-and-or-edit-self-service-actions,True,4
65685e7528ed3bfa080d5deb,Action run dashboard/homepage widget,"A dashboard/homepage widget that displays the runs of a specific self-service action.

The widget will display as columns the general details of each run (ID, status, start, end) and also the specific inputs of the action inputted by the user who executed it.",Port portal,Completed,1,2,complete,,2023-11-30T10:05:41.827Z,https://roadmap.port.io/ideas/p/action-run-dashboardhomepage-widget,2026-07-29T11:19:43.518541+00:00,action-run-dashboardhomepage-widget,True,4
662a16854790d8da141e4e6e,Dynamic run name for an action run,"I would like a new tab and property in the 'Action Runs' audit page, which is a dynamic title that can be created from the inputs and entity properties.",Port portal,Open,1,0,open,,2024-04-25T08:38:29.018Z,https://roadmap.port.io/ideas/p/dynamic-run-name-for-an-action-run,2026-07-29T11:19:56.799678+00:00,dynamic-run-name-for-an-action-run,True,3
69523d930fce6a18f6f14a07,Execute another self-service action run with the similar inputs,"Today, after a run is completed, it is possible to run it again with the ""Re-run"" button, which opens the execution form with the run's inputs that can be edited.

We want the ability to execute another run with the same inputs as an existing run, while it is in progress.

We might need to change the wording from ""Re-run"" as it can be thought as if the current run would be cancelled.

And, to prevent running the same inputs twice by mistake, we might want to open a confirmation dialog.",Port portal,Open,1,0,open,Self-service actions,2025-12-29T08:36:35.476Z,https://roadmap.port.io/ideas/p/execute-another-self-service-action-run-with-the-similar-inputs,2026-07-29T11:19:59.414047+00:00,execute-another-self-service-action-run-with-the-similar-inputs,True,6
65df7d3e35b41704bb704566,Support Multi-Dimensional Arrays,"Currently Port supports Arrays of Strings, Numbers, and Objects. This Arrays are limited to one dimension only.

It could be useful to support multi-dimensional Arrays as well.

For example, a 2-dimensional Array of Strings could be used to contain tables with multiple rows and columns.",Port portal,Open,1,0,open,Data model,2024-02-28T18:36:46.733Z,https://roadmap.port.io/ideas/p/support-multi-dimensional-arrays,2026-07-29T11:20:54.928732+00:00,support-multi-dimensional-arrays,False,0
66c7442779c2903026d548f3,Agnostic automation triggers,Feature request down the line: automation triggers off of something a little more Port-agnostic like a message in a queue.  Similar to something like a Lambda function in AWS being invoked by SQS.,Port portal,Open,1,0,open,Automations,2024-08-22T13:59:03.627Z,https://roadmap.port.io/ideas/p/agnostic-automation-triggers,2026-07-29T11:20:57.438676+00:00,agnostic-automation-triggers,True,2
669f74497bdca315573a9352,Automations | Show warning incase automation will be triggered over x times a day,"In case an automation which is about to be created is going to be triggered a lot of times, a warning for the customer is important, since it might cause a lot of pipelines and jobs to run, inflicting high costs.

Using the audit log history, an estimation can be provided for the trigger count.",Port portal,Open,1,0,open,Automations,2024-07-23T09:13:45.427Z,https://roadmap.port.io/ideas/p/automations-show-warning-incase-automation-will-be-triggered-over-x-times-a-day,2026-07-29T11:21:02.414616+00:00,automations-show-warning-incase-automation-will-be-triggered-over-x-times-a-day,True,2
